#,Review,Tokenized,Token,EXPLICIT,,,,IMPLICIT,,
,,,,BIO Tag,Aspect Tag,Final Tag,"General Aspect, Specific Aspect Category",Aspect Tag,Final Tag,"General Aspect, Specific Aspect Category"
1,at first gumagana cyapero pagnalowbat cya ndi na ya magamit kahit ilang oras mo cya icharge namamatay agadpoor qualitynot for recommended,"['▁at', '▁first', '▁guma', 'gana', '▁c', 'ya', 'pero', '▁pag', 'na', 'low', 'bat', '▁c', 'ya', '▁ndi', '▁na', '▁ya', '▁magam', 'it', '▁kahit', '▁ilang', '▁oras', '▁mo', '▁c', 'ya', '▁i', 'charge', '▁nama', 'matay', '▁agad', 'po', 'or', '▁quality', 'not', '▁for', '▁recommended']",▁at,O,,O - ,,,,
,,,▁first,O,,O - ,,,,
,,,▁guma,B,PRO#FUNC,B - PRO#FUNC,"Product, Functionality",,,
,,,gana,I,PRO#FUNC,I - PRO#FUNC,"Product, Functionality",,,
,,,▁c,O,,O - ,,,,
,,,ya,O,,O - ,,,,
,,,pero,O,,O - ,,,,
,,,▁pag,O,,O - ,,PRO#FUNC,PRO#FUNC,"Product, Functionality"
,,,na,O,,O - ,,PRO#FUNC,PRO#FUNC,"Product, Functionality"
,,,low,O,,O - ,,PRO#FUNC,PRO#FUNC,"Product, Functionality"
,,,bat,O,,O - ,,PRO#FUNC,PRO#FUNC,"Product, Functionality"
,,,▁c,O,,O - ,,PRO#FUNC,PRO#FUNC,"Product, Functionality"
,,,ya,O,,O - ,,PRO#FUNC,PRO#FUNC,"Product, Functionality"
,,,▁ndi,O,,O - ,,PRO#FUNC,PRO#FUNC,"Product, Functionality"
,,,▁na,O,,O - ,,PRO#FUNC,PRO#FUNC,"Product, Functionality"
,,,▁ya,O,,O - ,,PRO#FUNC,PRO#FUNC,"Product, Functionality"
,,,▁magam,O,,O - ,,PRO#FUNC,PRO#FUNC,"Product, Functionality"
,,,it,O,,O - ,,PRO#FUNC,PRO#FUNC,"Product, Functionality"
,,,▁kahit,O,,O - ,,,,
,,,▁ilang,O,,O - ,,,,
,,,▁oras,O,,O - ,,,,
,,,▁mo,O,,O - ,,,,
,,,▁c,O,,O - ,,,,
,,,ya,O,,O - ,,,,
,,,▁i,O,,O - ,,,,
,,,charge,O,,O - ,,,,
,,,▁nama,B,PRO#DUR,B - PRO#DUR,"Product, Durability",,,
,,,matay,I,PRO#DUR,I - PRO#DUR,"Product, Durability",,,
,,,▁agad,I,PRO#DUR,I - PRO#DUR,"Product, Durability",,,
,,,po,B,PRO#GEN,B - PRO#GEN,"Product, General",,,
,,,or,I,PRO#GEN,I - PRO#GEN,"Product, General",,,
,,,▁quality,I,PRO#GEN,I - PRO#GEN,"Product, General",,,
,,,not,B,SAT#RECO,B - SAT#RECO,,,,
,,,▁for,I,SAT#RECO,I - SAT#RECO,,,,
,,,▁recommended,I,SAT#RECO,I - SAT#RECO,,,,
2,grabi pangalawa ko ng order sa shapee pero puro dismayado ako ang pangit ng tila subrang nipis mabilis ma punit at ang laki ng size niya alam niyo shopee mapapamura ako sa kagaguhan niyo nag speak ako na magan ang item niyo tapos ito mali pa ang pag butas,"['▁grab', 'i', '▁panga', 'la', 'wa', '▁ko', '▁ng', '▁order', '▁sa', '▁shape', 'e', '▁pero', '▁puro', '▁dis', 'maya', 'do', '▁ako', '▁ang', '▁pang', 'it', '▁ng', '▁til', 'a', '▁sub', 'rang', '▁ni', 'pis', '▁mabilis', '▁ma', '▁pun', 'it', '▁at', '▁ang', '▁laki', '▁ng', '▁size', '▁niya', '▁alam', '▁niyo', '▁shop', 'ee', '▁ma', 'papa', 'mura', '▁ako', '▁sa', '▁kaga', 'gu', 'han', '▁niyo', '▁nag', '▁speak', '▁ako', '▁na', '▁', 'magan', '▁ang', '▁item', '▁niyo', '▁tapos', '▁ito', '▁mali', '▁pa', '▁ang', '▁pag', '▁but', 'as']",▁grab,O,,O - ,,,,
,,,i,O,,O - ,,,,
,,,▁panga,O,,O - ,,,,
,,,la,O,,O - ,,,,
,,,wa,O,,O - ,,,,
,,,▁ko,O,,O - ,,,,
,,,▁ng,O,,O - ,,,,
,,,▁order,O,,O - ,,,,
,,,▁sa,O,,O - ,,,,
,,,▁shape,O,,O - ,,,,
,,,e,O,,O - ,,,,
,,,▁pero,O,,O - ,,,,
,,,▁puro,O,,O - ,,,,
,,,▁dis,B,SAT#EMO,B - SAT#EMO,,,,
,,,maya,I,SAT#EMO,I - SAT#EMO,,,,
,,,do,I,SAT#EMO,I - SAT#EMO,,,,
,,,▁ako,O,,O - ,,,,
,,,▁ang,O,,O - ,,,,
,,,▁pang,B,PRO#MAT,B - PRO#MAT,"Product, Material",,,
,,,it,I,PRO#MAT,I - PRO#MAT,"Product, Material",,,
,,,▁ng,I,PRO#MAT,I - PRO#MAT,"Product, Material",,,
,,,▁til,I,PRO#MAT,I - PRO#MAT,"Product, Material",,,
,,,a,I,PRO#MAT,I - PRO#MAT,"Product, Material",,,
,,,▁sub,B,PRO#MAT,B - PRO#MAT,"Product, Material",,,
,,,rang,I,PRO#MAT,I - PRO#MAT,"Product, Material",,,
,,,▁ni,I,PRO#MAT,I - PRO#MAT,"Product, Material",,,
,,,pis,I,PRO#MAT,I - PRO#MAT,"Product, Material",,,
,,,▁mabilis,B,PRO#DUR,B - PRO#DUR,"Product, Durability",,,
,,,▁ma,I,PRO#DUR,I - PRO#DUR,"Product, Durability",,,
,,,▁pun,I,PRO#DUR,I - PRO#DUR,"Product, Durability",,,
,,,it,I,PRO#DUR,I - PRO#DUR,"Product, Durability",,,
,,,▁at,O,,O - ,,,,
,,,▁ang,O,,O - ,,,,
,,,▁laki,B,PRO#SIZE,B - PRO#SIZE,"Product, Size / Measurement",,,
,,,▁ng,I,PRO#SIZE,I - PRO#SIZE,"Product, Size / Measurement",,,
,,,▁size,I,PRO#SIZE,I - PRO#SIZE,"Product, Size / Measurement",,,
,,,▁niya,O,,O - ,,,,
,,,▁alam,O,,O - ,,,,
,,,▁niyo,O,,O - ,,,,
,,,▁shop,O,,O - ,,,,
,,,ee,O,,O - ,,,,
,,,▁ma,O,,O - ,,SAT#EMO,SAT#EMO,
,,,papa,O,,O - ,,SAT#EMO,SAT#EMO,
,,,mura,O,,O - ,,SAT#EMO,SAT#EMO,
,,,▁ako,O,,O - ,,SAT#EMO,SAT#EMO,
,,,▁sa,O,,O - ,,SAT#EMO,SAT#EMO,
,,,▁kaga,O,,O - ,,SAT#EMO,SAT#EMO,
,,,gu,O,,O - ,,SAT#EMO,SAT#EMO,
,,,han,O,,O - ,,SAT#EMO,SAT#EMO,
,,,▁niyo,O,,O - ,,SAT#EMO,SAT#EMO,
,,,▁nag,O,,O - ,,,,
,,,▁speak,O,,O - ,,,,
,,,▁ako,O,,O - ,,,,
,,,▁na,O,,O - ,,,,
,,,▁,O,,O - ,,,,
,,,magan,B,PRO#GEN,B - PRO#GEN,"Product, General",,,
,,,▁ang,I,PRO#GEN,I - PRO#GEN,"Product, General",,,
,,,▁item,I,PRO#GEN,I - PRO#GEN,"Product, General",,,
,,,▁niyo,O,,O - ,,,,
,,,▁tapos,O,,O - ,,,,
,,,▁ito,O,,O - ,,,,
,,,▁mali,B,PRO#CORR,B - PRO#CORR,"Product, Correctness",,,
,,,▁pa,I,PRO#CORR,I - PRO#CORR,"Product, Correctness",,,
,,,▁ang,I,PRO#CORR,I - PRO#CORR,"Product, Correctness",,,
,,,▁pag,I,PRO#CORR,I - PRO#CORR,"Product, Correctness",,,
,,,▁but,I,PRO#CORR,I - PRO#CORR,"Product, Correctness",,,
,,,as,I,PRO#CORR,I - PRO#CORR,"Product, Correctness",,,
3,2l gray/black order ko. bakit 850ml lang po pinadala nyo. kung di na po available yung product dapat di nyo pinilit yung gusto nyo. kelangan ko po yung 2l kahit anong color n lng po sana. . . return? i think di na aabot sa saturday. hay naku! tsk.,"['▁2', 'l', '▁gra', 'y', '/', 'black', '▁order', '▁ko', '.', '▁bakit', '▁850', 'ml', '▁lang', '▁po', '▁pina', 'dala', '▁nyo', '.', '▁kung', '▁di', '▁na', '▁po', '▁available', '▁yung', '▁product', '▁dapat', '▁di', '▁nyo', '▁pin', 'ili', 't', '▁yung', '▁gusto', '▁nyo', '.', '▁ke', 'langan', '▁ko', '▁po', '▁yung', '▁2', 'l', '▁kahit', '▁anong', '▁color', '▁n', '▁l', 'ng', '▁po', '▁sana', '.', '▁', '.', '▁', '.', '▁return', '?', '▁i', '▁think', '▁di', '▁na', '▁a', 'abot', '▁sa', '▁satur', 'day', '.', '▁hay', '▁na', 'ku', '!', '▁t', 'sk', '.']",▁2,O,,O - ,,DEL#CORR,DEL#CORR,"Delivery, Correctness"
,,,l,O,,O - ,,DEL#CORR,DEL#CORR,"Delivery, Correctness"
,,,▁gra,O,,O - ,,DEL#CORR,DEL#CORR,"Delivery, Correctness"
,,,y,O,,O - ,,DEL#CORR,DEL#CORR,"Delivery, Correctness"
,,,/,O,,O - ,,DEL#CORR,DEL#CORR,"Delivery, Correctness"
,,,black,O,,O - ,,DEL#CORR,DEL#CORR,"Delivery, Correctness"
,,,▁order,O,,O - ,,DEL#CORR,DEL#CORR,"Delivery, Correctness"
,,,▁ko,O,,O - ,,DEL#CORR,DEL#CORR,"Delivery, Correctness"
,,,.,O,,O - ,,DEL#CORR,DEL#CORR,"Delivery, Correctness"
,,,▁bakit,O,,O - ,,DEL#CORR,DEL#CORR,"Delivery, Correctness"
,,,▁850,O,,O - ,,DEL#CORR,DEL#CORR,"Delivery, Correctness"
,,,ml,O,,O - ,,DEL#CORR,DEL#CORR,"Delivery, Correctness"
,,,▁lang,O,,O - ,,DEL#CORR,DEL#CORR,"Delivery, Correctness"
,,,▁po,O,,O - ,,DEL#CORR,DEL#CORR,"Delivery, Correctness"
,,,▁pina,O,,O - ,,DEL#CORR,DEL#CORR,"Delivery, Correctness"
,,,dala,O,,O - ,,DEL#CORR,DEL#CORR,"Delivery, Correctness"
,,,▁nyo,O,,O - ,,,,
,,,.,O,,O - ,,,,
,,,▁kung,O,,O - ,,SER#HAND,SER#HAND,"Service, Handling"
,,,▁di,O,,O - ,,SER#HAND,SER#HAND,"Service, Handling"
,,,▁na,O,,O - ,,SER#HAND,SER#HAND,"Service, Handling"
,,,▁po,O,,O - ,,SER#HAND,SER#HAND,"Service, Handling"
,,,▁available,O,,O - ,,SER#HAND,SER#HAND,"Service, Handling"
,,,▁yung,O,,O - ,,SER#HAND,SER#HAND,"Service, Handling"
,,,▁product,O,,O - ,,SER#HAND,SER#HAND,"Service, Handling"
,,,▁dapat,O,,O - ,,SER#HAND,SER#HAND,"Service, Handling"
,,,▁di,O,,O - ,,SER#HAND,SER#HAND,"Service, Handling"
,,,▁nyo,O,,O - ,,SER#HAND,SER#HAND,"Service, Handling"
,,,▁pin,O,,O - ,,SER#HAND,SER#HAND,"Service, Handling"
,,,ili,O,,O - ,,SER#HAND,SER#HAND,"Service, Handling"
,,,t,O,,O - ,,SER#HAND,SER#HAND,"Service, Handling"
,,,▁yung,O,,O - ,,,,
,,,▁gusto,O,,O - ,,,,
,,,▁nyo,O,,O - ,,,,
,,,.,O,,O - ,,,,
,,,▁ke,O,,O - ,,,,
,,,langan,O,,O - ,,,,
,,,▁ko,O,,O - ,,,,
,,,▁po,O,,O - ,,,,
,,,▁yung,O,,O - ,,,,
,,,▁2,B,PRO#SIZE,B - PRO#SIZE,"Product, Size / Measurement",,,
,,,l,I,PRO#SIZE,I - PRO#SIZE,"Product, Size / Measurement",,,
,,,▁kahit,O,,O - ,,,,
,,,▁anong,O,,O - ,,,,
,,,▁color,B,PRO#COL,B - PRO#COL,"Product, Color",,,
,,,▁n,O,,O - ,,,,
,,,▁l,O,,O - ,,,,
,,,ng,O,,O - ,,,,
,,,▁po,O,,O - ,,,,
,,,▁sana,O,,O - ,,,,
,,,.,O,,O - ,,,,
,,,▁,O,,O - ,,,,
,,,.,O,,O - ,,,,
,,,▁,O,,O - ,,,,
,,,.,O,,O - ,,,,
,,,▁return,O,,O - ,,,,
,,,?,O,,O - ,,,,
,,,▁i,O,,O - ,,,,
,,,▁think,O,,O - ,,,,
,,,▁di,O,,O - ,,DEL#TIME,DEL#TIME,"Delivery, Timeliness"
,,,▁na,O,,O - ,,DEL#TIME,DEL#TIME,"Delivery, Timeliness"
,,,▁a,O,,O - ,,DEL#TIME,DEL#TIME,"Delivery, Timeliness"
,,,abot,O,,O - ,,DEL#TIME,DEL#TIME,"Delivery, Timeliness"
,,,▁sa,O,,O - ,,DEL#TIME,DEL#TIME,"Delivery, Timeliness"
,,,▁satur,O,,O - ,,DEL#TIME,DEL#TIME,"Delivery, Timeliness"
,,,day,O,,O - ,,DEL#TIME,DEL#TIME,"Delivery, Timeliness"
,,,.,O,,O - ,,,,
,,,▁hay,O,,O - ,,SAT#EMO,SAT#EMO,
,,,▁na,O,,O - ,,SAT#EMO,SAT#EMO,
,,,ku,O,,O - ,,SAT#EMO,SAT#EMO,
,,,!,O,,O - ,,SAT#EMO,SAT#EMO,
,,,▁t,O,,O - ,,SAT#EMO,SAT#EMO,
,,,sk,O,,O - ,,SAT#EMO,SAT#EMO,
,,,.,O,,O - ,,,,
4,walang silbing product bwesit. di gumagana dalawa pa,"['▁walang', '▁sil', 'bing', '▁product', '▁bw', 'es', 'it', '.', '▁di', '▁guma', 'gana', '▁dalawa', '▁pa']",▁walang,B,PRO#GEN,B - PRO#GEN,"Product, General",,,
,,,▁sil,I,PRO#GEN,I - PRO#GEN,"Product, General",,,
,,,bing,I,PRO#GEN,I - PRO#GEN,"Product, General",,,
,,,▁product,I,PRO#GEN,I - PRO#GEN,"Product, General",,,
,,,▁bw,O,,O - ,,SAT#EMO,SAT#EMO,
,,,es,O,,O - ,,SAT#EMO,SAT#EMO,
,,,it,O,,O - ,,SAT#EMO,SAT#EMO,
,,,.,O,,O - ,,,,
,,,▁di,B,PRO#FUNC,B - PRO#FUNC,"Product, Functionality",,,
,,,▁guma,I,PRO#FUNC,I - PRO#FUNC,"Product, Functionality",,,
,,,gana,I,PRO#FUNC,I - PRO#FUNC,"Product, Functionality",,,
,,,▁dalawa,O,,O - ,,,,
,,,▁pa,O,,O - ,,,,
5,"d po maganda naman po yung neck fan, pero po napaka tagal po sya dumating dec,9 po dec, 23 napo sya dumating, chaka po pink po inorder ko bakit po white yung dumating pero konti lang po yung hangin thank you po driver at seller","['▁d', '▁po', '▁maganda', '▁naman', '▁po', '▁yung', '▁ne', 'ck', '▁fan', ',', '▁pero', '▁po', '▁napaka', '▁ta', 'gal', '▁po', '▁sya', '▁dumating', '▁dec', ',', '9', '▁po', '▁dec', ',', '▁23', '▁na', 'po', '▁sya', '▁dumating', ',', '▁cha', 'ka', '▁po', '▁pink', '▁po', '▁in', 'order', '▁ko', '▁bakit', '▁po', '▁white', '▁yung', '▁dumating', '▁pero', '▁kon', 'ti', '▁lang', '▁po', '▁yung', '▁hang', 'in', '▁thank', '▁you', '▁po', '▁driver', '▁at', '▁selle', 'r']",▁d,O,,O - ,,,,
,,,▁po,O,,O - ,,,,
,,,▁maganda,B,PRO#GEN,B - PRO#GEN,"Product, General",,,
,,,▁naman,I,PRO#GEN,I - PRO#GEN,"Product, General",,,
,,,▁po,I,PRO#GEN,I - PRO#GEN,"Product, General",,,
,,,▁yung,I,PRO#GEN,I - PRO#GEN,"Product, General",,,
,,,▁ne,I,PRO#GEN,I - PRO#GEN,"Product, General",,,
,,,ck,I,PRO#GEN,I - PRO#GEN,"Product, General",,,
,,,▁fan,I,PRO#GEN,I - PRO#GEN,"Product, General",,,
,,,▁pero,O,,O - ,,,,
,,,▁po,O,,O - ,,,,
,,,▁napaka,B,DEL#TIME,B - DEL#TIME,"Delivery, Timeliness",,,
,,,▁ta,I,DEL#TIME,I - DEL#TIME,"Delivery, Timeliness",,,
,,,gal,I,DEL#TIME,I - DEL#TIME,"Delivery, Timeliness",,,
,,,▁po,I,DEL#TIME,I - DEL#TIME,"Delivery, Timeliness",,,
,,,▁sya,I,DEL#TIME,I - DEL#TIME,"Delivery, Timeliness",,,
,,,▁dumating,I,DEL#TIME,I - DEL#TIME,"Delivery, Timeliness",,,
,,,▁dec,O,,O - ,,,,
,,,9,O,,O - ,,,,
,,,▁po,O,,O - ,,,,
,,,▁dec,B,DEL#TIME,B - DEL#TIME,"Delivery, Timeliness",,,
,,,▁23,I,DEL#TIME,I - DEL#TIME,"Delivery, Timeliness",,,
,,,▁na,I,DEL#TIME,I - DEL#TIME,"Delivery, Timeliness",,,
,,,po,I,DEL#TIME,I - DEL#TIME,"Delivery, Timeliness",,,
,,,▁sya,I,DEL#TIME,I - DEL#TIME,"Delivery, Timeliness",,,
,,,▁dumating,I,DEL#TIME,I - DEL#TIME,"Delivery, Timeliness",,,
,,,▁cha,O,,O - ,,,,
,,,ka,O,,O - ,,,,
,,,▁po,O,,O - ,,,,
,,,▁pink,O,,O - ,,DEL#CORR,DEL#CORR,"Delivery, Correctness"
,,,▁po,O,,O - ,,DEL#CORR,DEL#CORR,"Delivery, Correctness"
,,,▁in,O,,O - ,,DEL#CORR,DEL#CORR,"Delivery, Correctness"
,,,order,O,,O - ,,DEL#CORR,DEL#CORR,"Delivery, Correctness"
,,,▁ko,O,,O - ,,DEL#CORR,DEL#CORR,"Delivery, Correctness"
,,,▁bakit,O,,O - ,,DEL#CORR,DEL#CORR,"Delivery, Correctness"
,,,▁po,O,,O - ,,DEL#CORR,DEL#CORR,"Delivery, Correctness"
,,,▁white,O,,O - ,,DEL#CORR,DEL#CORR,"Delivery, Correctness"
,,,▁yung,O,,O - ,,DEL#CORR,DEL#CORR,"Delivery, Correctness"
,,,▁dumating,O,,O - ,,DEL#CORR,DEL#CORR,"Delivery, Correctness"
,,,▁pero,O,,O - ,,,,
,,,▁kon,B,PRO#EFF,B - PRO#EFF,"Product, Effectiveness",,,
,,,ti,I,PRO#EFF,I - PRO#EFF,"Product, Effectiveness",,,
,,,▁lang,I,PRO#EFF,I - PRO#EFF,"Product, Effectiveness",,,
,,,▁po,I,PRO#EFF,I - PRO#EFF,"Product, Effectiveness",,,
,,,▁yung,I,PRO#EFF,I - PRO#EFF,"Product, Effectiveness",,,
,,,▁hang,I,PRO#EFF,I - PRO#EFF,"Product, Effectiveness",,,
,,,in,I,PRO#EFF,I - PRO#EFF,"Product, Effectiveness",,,
,,,▁thank,O,,O - ,,,,
,,,▁you,O,,O - ,,,,
,,,▁po,O,,O - ,,,,
,,,▁driver,B,DEL#GEN,B - DEL#GEN,"Delivery, General",,,
,,,▁at,O,,O - ,,,,
,,,▁selle,B,SER#GEN,B - SER#GEN,"Service, General",,,
,,,r,I,SER#GEN,I - SER#GEN,"Service, General",,,
6,"0/10 sa effectiveness po nya 0/10 dahil kakalagay ko lang then wala man lang ilang kalahating minuto uminom lang ako wala na agad ung kulay sa lips ko. kala ko nag sstay sya ng matagal kahit nga punasan mo pa ng wipes, pero hindi man pla scam lang po.","['▁0', '/10', '▁sa', '▁effective', 'ness', '▁po', '▁nya', '▁0', '/10', '▁dahil', '▁kaka', 'lagay', '▁ko', '▁lang', '▁then', '▁wala', '▁man', '▁lang', '▁ilang', '▁kalah', 'ating', '▁minuto', '▁uminom', '▁lang', '▁ako', '▁wala', '▁na', '▁agad', '▁ung', '▁kulay', '▁sa', '▁lips', '▁ko', '.', '▁kala', '▁ko', '▁nag', '▁s', 'sta', 'y', '▁sya', '▁ng', '▁matagal', '▁kahit', '▁nga', '▁pun', 'asan', '▁mo', '▁pa', '▁ng', '▁wi', 'pes', ',', '▁pero', '▁hindi', '▁man', '▁pla', '▁scam', '▁lang', '▁po', '.']",▁0,B,SAT#RATE,B - SAT#RATE,,,,
,,,/10,I,SAT#RATE,I - SAT#RATE,,,,
,,,▁sa,O,,O - ,,,,
,,,▁effective,B,PRO#EFF,B - PRO#EFF,"Product, Effectiveness",,,
,,,ness,I,PRO#EFF,I - PRO#EFF,"Product, Effectiveness",,,
,,,▁po,O,,O - ,,,,
,,,▁nya,O,,O - ,,,,
,,,▁0,B,SAT#RATE,B - SAT#RATE,,,,
,,,/10,I,SAT#RATE,I - SAT#RATE,,,,
,,,▁dahil,O,,O - ,,,,
,,,▁kaka,O,,O - ,,PRO#EFF,PRO#EFF,"Product, Effectiveness"
,,,lagay,O,,O - ,,PRO#EFF,PRO#EFF,"Product, Effectiveness"
,,,▁ko,O,,O - ,,PRO#EFF,PRO#EFF,"Product, Effectiveness"
,,,▁lang,O,,O - ,,PRO#EFF,PRO#EFF,"Product, Effectiveness"
,,,▁then,O,,O - ,,PRO#EFF,PRO#EFF,"Product, Effectiveness"
,,,▁wala,O,,O - ,,PRO#EFF,PRO#EFF,"Product, Effectiveness"
,,,▁man,O,,O - ,,PRO#EFF,PRO#EFF,"Product, Effectiveness"
,,,▁lang,O,,O - ,,PRO#EFF,PRO#EFF,"Product, Effectiveness"
,,,▁ilang,O,,O - ,,PRO#EFF,PRO#EFF,"Product, Effectiveness"
,,,▁kalah,O,,O - ,,PRO#EFF,PRO#EFF,"Product, Effectiveness"
,,,ating,O,,O - ,,PRO#EFF,PRO#EFF,"Product, Effectiveness"
,,,▁minuto,O,,O - ,,PRO#EFF,PRO#EFF,"Product, Effectiveness"
,,,▁uminom,O,,O - ,,PRO#EFF,PRO#EFF,"Product, Effectiveness"
,,,▁lang,O,,O - ,,PRO#EFF,PRO#EFF,"Product, Effectiveness"
,,,▁ako,O,,O - ,,PRO#EFF,PRO#EFF,"Product, Effectiveness"
,,,▁wala,O,,O - ,,PRO#EFF,PRO#EFF,"Product, Effectiveness"
,,,▁na,O,,O - ,,PRO#EFF,PRO#EFF,"Product, Effectiveness"
,,,▁agad,O,,O - ,,PRO#EFF,PRO#EFF,"Product, Effectiveness"
,,,▁ung,O,,O - ,,PRO#EFF,PRO#EFF,"Product, Effectiveness"
,,,▁kulay,O,,O - ,,PRO#EFF,PRO#EFF,"Product, Effectiveness"
,,,▁sa,O,,O - ,,PRO#EFF,PRO#EFF,"Product, Effectiveness"
,,,▁lips,O,,O - ,,PRO#EFF,PRO#EFF,"Product, Effectiveness"
,,,▁ko,O,,O - ,,,,
,,,.,O,,O - ,,,,
,,,▁kala,O,,O - ,,PRO#EFF,PRO#EFF,"Product, Effectiveness"
,,,▁ko,O,,O - ,,PRO#EFF,PRO#EFF,"Product, Effectiveness"
,,,▁nag,O,,O - ,,PRO#EFF,PRO#EFF,"Product, Effectiveness"
,,,▁s,O,,O - ,,PRO#EFF,PRO#EFF,"Product, Effectiveness"
,,,sta,O,,O - ,,PRO#EFF,PRO#EFF,"Product, Effectiveness"
,,,y,O,,O - ,,PRO#EFF,PRO#EFF,"Product, Effectiveness"
,,,▁sya,O,,O - ,,PRO#EFF,PRO#EFF,"Product, Effectiveness"
,,,▁ng,O,,O - ,,PRO#EFF,PRO#EFF,"Product, Effectiveness"
,,,▁matagal,O,,O - ,,PRO#EFF,PRO#EFF,"Product, Effectiveness"
,,,▁kahit,O,,O - ,,PRO#EFF,PRO#EFF,"Product, Effectiveness"
,,,▁nga,O,,O - ,,PRO#EFF,PRO#EFF,"Product, Effectiveness"
,,,▁pun,O,,O - ,,PRO#EFF,PRO#EFF,"Product, Effectiveness"
,,,asan,O,,O - ,,PRO#EFF,PRO#EFF,"Product, Effectiveness"
,,,▁mo,O,,O - ,,PRO#EFF,PRO#EFF,"Product, Effectiveness"
,,,▁pa,O,,O - ,,PRO#EFF,PRO#EFF,"Product, Effectiveness"
,,,▁ng,O,,O - ,,PRO#EFF,PRO#EFF,"Product, Effectiveness"
,,,▁wi,O,,O - ,,PRO#EFF,PRO#EFF,"Product, Effectiveness"
,,,pes,O,,O - ,,PRO#EFF,PRO#EFF,"Product, Effectiveness"
,,,▁pero,O,,O - ,,,,
,,,▁hindi,O,,O - ,,,,
,,,▁man,O,,O - ,,,,
,,,▁pla,O,,O - ,,,,
,,,▁scam,B,SER#TRU,B - SER#TRU,"Service, Trustworthiness",,,
,,,▁lang,O,,O - ,,,,
,,,▁po,O,,O - ,,,,
,,,.,O,,O - ,,,,
7,mahina lng ang hangin khit nka maximum na. mabilis ma low batt pinapawisan p rin lalo n yung batok,"['▁mah', 'ina', '▁l', 'ng', '▁ang', '▁hang', 'in', '▁khi', 't', '▁', 'nka', '▁maximum', '▁na', '.', '▁mabilis', '▁ma', '▁low', '▁bat', 't', '▁pinapa', 'wis', 'an', '▁p', '▁rin', '▁lalo', '▁n', '▁yung', '▁bat', 'ok']",▁mah,O,,O - ,,PRO#EFF,PRO#EFF,"Product, Effectiveness"
,,,ina,O,,O - ,,PRO#EFF,PRO#EFF,"Product, Effectiveness"
,,,▁l,O,,O - ,,PRO#EFF,PRO#EFF,"Product, Effectiveness"
,,,ng,O,,O - ,,PRO#EFF,PRO#EFF,"Product, Effectiveness"
,,,▁ang,O,,O - ,,PRO#EFF,PRO#EFF,"Product, Effectiveness"
,,,▁hang,O,,O - ,,PRO#EFF,PRO#EFF,"Product, Effectiveness"
,,,in,O,,O - ,,PRO#EFF,PRO#EFF,"Product, Effectiveness"
,,,▁khi,O,,O - ,,PRO#EFF,PRO#EFF,"Product, Effectiveness"
,,,t,O,,O - ,,PRO#EFF,PRO#EFF,"Product, Effectiveness"
,,,▁,O,,O - ,,PRO#EFF,PRO#EFF,"Product, Effectiveness"
,,,nka,O,,O - ,,PRO#EFF,PRO#EFF,"Product, Effectiveness"
,,,▁maximum,O,,O - ,,PRO#EFF,PRO#EFF,"Product, Effectiveness"
,,,▁na,O,,O - ,,,,
,,,.,O,,O - ,,,,
,,,▁mabilis,B,PRO#DUR,B - PRO#DUR,"Product, Durability",,,
,,,▁ma,I,PRO#DUR,I - PRO#DUR,"Product, Durability",,,
,,,▁low,I,PRO#DUR,I - PRO#DUR,"Product, Durability",,,
,,,▁bat,I,PRO#DUR,I - PRO#DUR,"Product, Durability",,,
,,,t,I,PRO#DUR,I - PRO#DUR,"Product, Durability",,,
,,,▁pinapa,O,,O - ,,PRO#EFF,PRO#EFF,"Product, Effectiveness"
,,,wis,O,,O - ,,PRO#EFF,PRO#EFF,"Product, Effectiveness"
,,,an,O,,O - ,,PRO#EFF,PRO#EFF,"Product, Effectiveness"
,,,▁p,O,,O - ,,PRO#EFF,PRO#EFF,"Product, Effectiveness"
,,,▁rin,O,,O - ,,PRO#EFF,PRO#EFF,"Product, Effectiveness"
,,,▁lalo,O,,O - ,,PRO#EFF,PRO#EFF,"Product, Effectiveness"
,,,▁n,O,,O - ,,PRO#EFF,PRO#EFF,"Product, Effectiveness"
,,,▁yung,O,,O - ,,PRO#EFF,PRO#EFF,"Product, Effectiveness"
,,,▁bat,O,,O - ,,PRO#EFF,PRO#EFF,"Product, Effectiveness"
,,,ok,O,,O - ,,PRO#EFF,PRO#EFF,"Product, Effectiveness"
8,"maganda dn same sa picture maganda sya ,medyo maliit nga lang sya","['▁maganda', '▁d', 'n', '▁same', '▁sa', '▁picture', '▁maganda', '▁sya', '▁', ',', 'med', 'yo', '▁maliit', '▁nga', '▁lang', '▁sya']",▁maganda,O,,O - ,,,,
,,,▁d,O,,O - ,,,,
,,,n,O,,O - ,,,,
,,,▁same,O,,O - ,,PRO#CORR,PRO#CORR,"Product, Correctness"
,,,▁sa,O,,O - ,,PRO#CORR,PRO#CORR,"Product, Correctness"
,,,▁picture,O,,O - ,,PRO#CORR,PRO#CORR,"Product, Correctness"
,,,▁maganda,O,,O - ,,,,
,,,▁sya,O,,O - ,,,,
,,,▁,O,,O - ,,,,
,,,med,O,,O - ,,PRO#SIZE,PRO#SIZE,"Product, Size / Measurement"
,,,yo,O,,O - ,,PRO#SIZE,PRO#SIZE,"Product, Size / Measurement"
,,,▁maliit,O,,O - ,,PRO#SIZE,PRO#SIZE,"Product, Size / Measurement"
,,,▁nga,O,,O - ,,,,
,,,▁lang,O,,O - ,,,,
,,,▁sya,O,,O - ,,,,
9,not worth it ang bilis n'ya ma-lowbat and ang tagal n'ya pang i-charge,"['▁not', '▁worth', '▁it', '▁ang', '▁bili', 's', '▁n', ""'"", 'ya', '▁ma', '-', 'low', 'bat', '▁and', '▁ang', '▁ta', 'gal', '▁n', ""'"", 'ya', '▁pang', '▁i', '-', 'charge']",▁not,B,PRI#VOM,B - PRI#VOM,"Price, Value for Money",,,
,,,▁worth,I,PRI#VOM,I - PRI#VOM,"Price, Value for Money",,,
,,,▁it,I,PRI#VOM,I - PRI#VOM,"Price, Value for Money",,,
,,,▁ang,O,,O - ,,,,
,,,▁bili,B,PRO#DUR,B - PRO#DUR,"Product, Durability",,,
,,,s,I,PRO#DUR,I - PRO#DUR,"Product, Durability",,,
,,,▁n,I,PRO#DUR,I - PRO#DUR,"Product, Durability",,,
,,,"""""",I,PRO#DUR,I - PRO#DUR,"Product, Durability",,,
,,,ya,I,PRO#DUR,I - PRO#DUR,"Product, Durability",,,
,,,▁ma,I,PRO#DUR,I - PRO#DUR,"Product, Durability",,,
,,,-,I,PRO#DUR,I - PRO#DUR,"Product, Durability",,,
,,,low,I,PRO#DUR,I - PRO#DUR,"Product, Durability",,,
,,,bat,I,PRO#DUR,I - PRO#DUR,"Product, Durability",,,
,,,▁and,O,,O - ,,,,
,,,▁ang,O,,O - ,,,,
,,,▁ta,B,PRO#FUNC,B - PRO#FUNC,"Product, Functionality",,,
,,,gal,I,PRO#FUNC,I - PRO#FUNC,"Product, Functionality",,,
,,,▁n,I,PRO#FUNC,I - PRO#FUNC,"Product, Functionality",,,
,,,"""""",I,PRO#FUNC,I - PRO#FUNC,"Product, Functionality",,,
,,,ya,I,PRO#FUNC,I - PRO#FUNC,"Product, Functionality",,,
,,,▁pang,I,PRO#FUNC,I - PRO#FUNC,"Product, Functionality",,,
,,,▁i,I,PRO#FUNC,I - PRO#FUNC,"Product, Functionality",,,
,,,-,I,PRO#FUNC,I - PRO#FUNC,"Product, Functionality",,,
,,,charge,I,PRO#FUNC,I - PRO#FUNC,"Product, Functionality",,,
10,mahirap buksan yung payong. need mo pa itulak. sana na check man lang bago ipadala.,"['▁mahirap', '▁buk', 'san', '▁yung', '▁pa', 'yong', '.', '▁need', '▁mo', '▁pa', '▁itu', 'lak', '.', '▁sana', '▁na', '▁check', '▁man', '▁lang', '▁bago', '▁i', 'pada', 'la', '.']",▁mahirap,B,PRO#FUNC,B - PRO#FUNC,"Product, Functionality",,,
,,,▁buk,I,PRO#FUNC,I - PRO#FUNC,"Product, Functionality",,,
,,,san,I,PRO#FUNC,I - PRO#FUNC,"Product, Functionality",,,
,,,▁yung,I,PRO#FUNC,I - PRO#FUNC,"Product, Functionality",,,
,,,▁pa,I,PRO#FUNC,I - PRO#FUNC,"Product, Functionality",,,
,,,yong,I,PRO#FUNC,I - PRO#FUNC,"Product, Functionality",,,
,,,.,O,,O - ,,,,
,,,▁need,O,,O - ,,PRO#FUNC,PRO#FUNC,"Product, Functionality"
,,,▁mo,O,,O - ,,PRO#FUNC,PRO#FUNC,"Product, Functionality"
,,,▁pa,O,,O - ,,PRO#FUNC,PRO#FUNC,"Product, Functionality"
,,,▁itu,O,,O - ,,PRO#FUNC,PRO#FUNC,"Product, Functionality"
,,,lak,O,,O - ,,PRO#FUNC,PRO#FUNC,"Product, Functionality"
,,,.,O,,O - ,,,,
,,,▁sana,B,SER#HAND,B - SER#HAND,"Service, Handling",,,
,,,▁na,I,SER#HAND,I - SER#HAND,"Service, Handling",,,
,,,▁check,I,SER#HAND,I - SER#HAND,"Service, Handling",,,
,,,▁man,I,SER#HAND,I - SER#HAND,"Service, Handling",,,
,,,▁lang,I,SER#HAND,I - SER#HAND,"Service, Handling",,,
,,,▁bago,I,SER#HAND,I - SER#HAND,"Service, Handling",,,
,,,▁i,I,SER#HAND,I - SER#HAND,"Service, Handling",,,
,,,pada,I,SER#HAND,I - SER#HAND,"Service, Handling",,,
,,,la,I,SER#HAND,I - SER#HAND,"Service, Handling",,,
,,,.,O,,O - ,,,,
11,wrong color & design. sana kung di na available yung black mag message namn kayo if ano available. desisyon yarrrnnn? kakainis ganitong seller.,"['▁wrong', '▁color', '▁&', '▁design', '.', '▁sana', '▁kung', '▁di', '▁na', '▁available', '▁yung', '▁black', '▁mag', '▁message', '▁namn', '▁kayo', '▁if', '▁ano', '▁available', '.', '▁des', 'isyon', '▁ya', 'rrr', 'n', 'nn', '?', '▁kaka', 'inis', '▁', 'ganitong', '▁selle', 'r', '.']",▁wrong,O,,O - ,,DEL#CORR,DEL#CORR,"Delivery, Correctness"
,,,▁color,O,,O - ,,DEL#CORR,DEL#CORR,"Delivery, Correctness"
,,,▁&,O,,O - ,,DEL#CORR,DEL#CORR,"Delivery, Correctness"
,,,▁design,O,,O - ,,DEL#CORR,DEL#CORR,"Delivery, Correctness"
,,,.,O,,O - ,,,,
,,,▁sana,O,,O - ,,SER#RES,SER#RES,"Service, Responsiveness"
,,,▁kung,O,,O - ,,SER#RES,SER#RES,"Service, Responsiveness"
,,,▁di,O,,O - ,,SER#RES,SER#RES,"Service, Responsiveness"
,,,▁na,O,,O - ,,SER#RES,SER#RES,"Service, Responsiveness"
,,,▁available,O,,O - ,,SER#RES,SER#RES,"Service, Responsiveness"
,,,▁yung,O,,O - ,,SER#RES,SER#RES,"Service, Responsiveness"
,,,▁black,O,,O - ,,SER#RES,SER#RES,"Service, Responsiveness"
,,,▁mag,O,,O - ,,SER#RES,SER#RES,"Service, Responsiveness"
,,,▁message,O,,O - ,,SER#RES,SER#RES,"Service, Responsiveness"
,,,▁namn,O,,O - ,,SER#RES,SER#RES,"Service, Responsiveness"
,,,▁kayo,O,,O - ,,SER#RES,SER#RES,"Service, Responsiveness"
,,,▁if,O,,O - ,,SER#RES,SER#RES,"Service, Responsiveness"
,,,▁ano,O,,O - ,,SER#RES,SER#RES,"Service, Responsiveness"
,,,▁available,O,,O - ,,SER#RES,SER#RES,"Service, Responsiveness"
,,,.,O,,O - ,,,,
,,,▁des,O,,O - ,,,,
,,,isyon,O,,O - ,,,,
,,,▁ya,O,,O - ,,,,
,,,rrr,O,,O - ,,,,
,,,n,O,,O - ,,,,
,,,nn,O,,O - ,,,,
,,,?,O,,O - ,,,,
,,,▁kaka,O,,O - ,,,,
,,,inis,O,,O - ,,,,
,,,▁,O,,O - ,,,,
,,,ganitong,O,,O - ,,,,
,,,▁selle,O,,O - ,,,,
,,,r,O,,O - ,,,,
,,,.,O,,O - ,,,,
12,"ayaw gumana ng remote control, my dent ung product na pinadala ni seller, sana bago ipa ship check muna mabuti ni seller ung item na ipapadala para hnd nakaka disappoint sa client pag na recieve ung item","['▁ayaw', '▁guman', 'a', '▁ng', '▁remote', '▁control', ',', '▁my', '▁den', 't', '▁ung', '▁product', '▁na', '▁pina', 'dala', '▁ni', '▁selle', 'r', ',', '▁sana', '▁bago', '▁i', 'pa', '▁ship', '▁check', '▁muna', '▁mabuti', '▁ni', '▁selle', 'r', '▁ung', '▁item', '▁na', '▁i', 'papa', 'dala', '▁para', '▁h', 'nd', '▁nakaka', '▁dis', 'appoint', '▁sa', '▁client', '▁pag', '▁na', '▁reci', 'eve', '▁ung', '▁item']",▁ayaw,B,PRO#FUNC,B - PRO#FUNC,"Product, Functionality",,,
,,,▁guman,I,PRO#FUNC,I - PRO#FUNC,"Product, Functionality",,,
,,,a,I,PRO#FUNC,I - PRO#FUNC,"Product, Functionality",,,
,,,▁ng,I,PRO#FUNC,I - PRO#FUNC,"Product, Functionality",,,
,,,▁remote,I,PRO#FUNC,I - PRO#FUNC,"Product, Functionality",,,
,,,▁control,I,PRO#FUNC,I - PRO#FUNC,"Product, Functionality",,,
,,,▁my,B,PRO#COND,B - PRO#COND,"Product, Condition",,,
,,,▁den,I,PRO#COND,I - PRO#COND,"Product, Condition",,,
,,,t,I,PRO#COND,I - PRO#COND,"Product, Condition",,,
,,,▁ung,I,PRO#COND,I - PRO#COND,"Product, Condition",,,
,,,▁product,I,PRO#COND,I - PRO#COND,"Product, Condition",,,
,,,▁na,O,,O - ,,,,
,,,▁pina,O,,O - ,,,,
,,,dala,O,,O - ,,,,
,,,▁ni,O,,O - ,,,,
,,,▁selle,O,,O - ,,,,
,,,r,O,,O - ,,,,
,,,▁sana,B,SER#HAND,B - SER#HAND,"Service, Handling",,,
,,,▁bago,I,SER#HAND,I - SER#HAND,"Service, Handling",,,
,,,▁i,I,SER#HAND,I - SER#HAND,"Service, Handling",,,
,,,pa,I,SER#HAND,I - SER#HAND,"Service, Handling",,,
,,,▁ship,I,SER#HAND,I - SER#HAND,"Service, Handling",,,
,,,▁check,I,SER#HAND,I - SER#HAND,"Service, Handling",,,
,,,▁muna,I,SER#HAND,I - SER#HAND,"Service, Handling",,,
,,,▁mabuti,I,SER#HAND,I - SER#HAND,"Service, Handling",,,
,,,▁ni,I,SER#HAND,I - SER#HAND,"Service, Handling",,,
,,,▁selle,I,SER#HAND,I - SER#HAND,"Service, Handling",,,
,,,r,I,SER#HAND,I - SER#HAND,"Service, Handling",,,
,,,▁ung,I,SER#HAND,I - SER#HAND,"Service, Handling",,,
,,,▁item,I,SER#HAND,I - SER#HAND,"Service, Handling",,,
,,,▁na,O,,O - ,,,,
,,,▁i,O,,O - ,,,,
,,,papa,O,,O - ,,,,
,,,dala,O,,O - ,,,,
,,,▁para,O,,O - ,,,,
,,,▁h,O,,O - ,,,,
,,,nd,O,,O - ,,,,
,,,▁nakaka,O,,O - ,,,,
,,,▁dis,O,,O - ,,,,
,,,appoint,O,,O - ,,,,
,,,▁sa,O,,O - ,,,,
,,,▁client,O,,O - ,,,,
,,,▁pag,O,,O - ,,,,
,,,▁na,O,,O - ,,,,
,,,▁reci,O,,O - ,,,,
,,,eve,O,,O - ,,,,
,,,▁ung,O,,O - ,,,,
,,,▁item,O,,O - ,,,,
13,excited ako sa order ko kasi matagal ko na gusto bumili ng mga mystery item. so dahil 6.6 we've decided to order 5 mystery pouch. expect ko 5 packs ang makukuha ko. akala ko may sari sariling balot. yun pala 5 products na sya sa iisang pouch,"['▁excited', '▁ako', '▁sa', '▁order', '▁ko', '▁kasi', '▁matagal', '▁ko', '▁na', '▁gusto', '▁bumili', '▁ng', '▁mga', '▁mystery', '▁item', '.', '▁so', '▁dahil', '▁', '6.6', '▁we', ""'"", 've', '▁decided', '▁to', '▁order', '▁5', '▁mystery', '▁po', 'uch', '.', '▁expect', '▁ko', '▁5', '▁pack', 's', '▁ang', '▁maku', 'kuha', '▁ko', '.', '▁a', 'kala', '▁ko', '▁may', '▁sari', '▁sariling', '▁balo', 't', '.', '▁yun', '▁pala', '▁5', '▁products', '▁na', '▁sya', '▁sa', '▁i', 'is', 'ang', '▁po', 'uch']",▁excited,O,,O - ,,,,
,,,▁ako,O,,O - ,,,,
,,,▁sa,O,,O - ,,,,
,,,▁order,O,,O - ,,,,
,,,▁ko,O,,O - ,,,,
,,,▁kasi,O,,O - ,,,,
,,,▁matagal,O,,O - ,,,,
,,,▁ko,O,,O - ,,,,
,,,▁na,O,,O - ,,,,
,,,▁gusto,O,,O - ,,,,
,,,▁bumili,O,,O - ,,,,
,,,▁ng,O,,O - ,,,,
,,,▁mga,O,,O - ,,,,
,,,▁mystery,O,,O - ,,,,
,,,▁item,O,,O - ,,,,
,,,.,O,,O - ,,,,
,,,▁so,O,,O - ,,,,
,,,▁dahil,O,,O - ,,,,
,,,▁,O,,O - ,,,,
,,,6.6,O,,O - ,,,,
,,,▁we,O,,O - ,,,,
,,,"""""",O,,O - ,,,,
,,,ve,O,,O - ,,,,
,,,▁decided,O,,O - ,,,,
,,,▁to,O,,O - ,,,,
,,,▁order,O,,O - ,,,,
,,,▁5,O,,O - ,,,,
,,,▁mystery,O,,O - ,,,,
,,,▁po,O,,O - ,,,,
,,,uch,O,,O - ,,,,
,,,.,O,,O - ,,,,
,,,▁expect,O,,O - ,,,,
,,,▁ko,O,,O - ,,,,
,,,▁5,O,,O - ,,,,
,,,▁pack,O,,O - ,,,,
,,,s,O,,O - ,,,,
,,,▁ang,O,,O - ,,,,
,,,▁maku,O,,O - ,,,,
,,,kuha,O,,O - ,,,,
,,,▁ko,O,,O - ,,,,
,,,.,O,,O - ,,,,
,,,▁a,O,,O - ,,PRO#COND,PRO#COND,"Product, Condition"
,,,kala,O,,O - ,,PRO#COND,PRO#COND,"Product, Condition"
,,,▁ko,O,,O - ,,PRO#COND,PRO#COND,"Product, Condition"
,,,▁may,O,,O - ,,PRO#COND,PRO#COND,"Product, Condition"
,,,▁sari,O,,O - ,,PRO#COND,PRO#COND,"Product, Condition"
,,,▁sariling,O,,O - ,,PRO#COND,PRO#COND,"Product, Condition"
,,,▁balo,O,,O - ,,PRO#COND,PRO#COND,"Product, Condition"
,,,t,O,,O - ,,PRO#COND,PRO#COND,"Product, Condition"
,,,.,O,,O - ,,PRO#COND,PRO#COND,"Product, Condition"
,,,▁yun,O,,O - ,,PRO#COND,PRO#COND,"Product, Condition"
,,,▁pala,O,,O - ,,PRO#COND,PRO#COND,"Product, Condition"
,,,▁5,O,,O - ,,PRO#COND,PRO#COND,"Product, Condition"
,,,▁products,O,,O - ,,PRO#COND,PRO#COND,"Product, Condition"
,,,▁na,O,,O - ,,PRO#COND,PRO#COND,"Product, Condition"
,,,▁sya,O,,O - ,,PRO#COND,PRO#COND,"Product, Condition"
,,,▁sa,O,,O - ,,PRO#COND,PRO#COND,"Product, Condition"
,,,▁i,O,,O - ,,PRO#COND,PRO#COND,"Product, Condition"
,,,is,O,,O - ,,PRO#COND,PRO#COND,"Product, Condition"
,,,ang,O,,O - ,,PRO#COND,PRO#COND,"Product, Condition"
,,,▁po,O,,O - ,,PRO#COND,PRO#COND,"Product, Condition"
,,,uch,O,,O - ,,PRO#COND,PRO#COND,"Product, Condition"
14,terrible blue order ko pero pink yung dumating sakin para sana sa anak kong lalaki pero pink yung dumating sakin nakaka dissapoint,"['▁terrible', '▁blue', '▁order', '▁ko', '▁pero', '▁pink', '▁yung', '▁dumating', '▁sakin', '▁para', '▁sana', '▁sa', '▁anak', '▁kong', '▁lalaki', '▁pero', '▁pink', '▁yung', '▁dumating', '▁sakin', '▁nakaka', '▁di', 'ssa', 'point']",▁terrible,O,,O - ,,,,
,,,▁blue,O,,O - ,,DEL#CORR,DEL#CORR,"Delivery, Correctness"
,,,▁order,O,,O - ,,DEL#CORR,DEL#CORR,"Delivery, Correctness"
,,,▁ko,O,,O - ,,DEL#CORR,DEL#CORR,"Delivery, Correctness"
,,,▁pero,O,,O - ,,DEL#CORR,DEL#CORR,"Delivery, Correctness"
,,,▁pink,O,,O - ,,DEL#CORR,DEL#CORR,"Delivery, Correctness"
,,,▁yung,O,,O - ,,DEL#CORR,DEL#CORR,"Delivery, Correctness"
,,,▁dumating,O,,O - ,,DEL#CORR,DEL#CORR,"Delivery, Correctness"
,,,▁sakin,O,,O - ,,,,
,,,▁para,O,,O - ,,DEL#CORR,DEL#CORR,"Delivery, Correctness"
,,,▁sana,O,,O - ,,DEL#CORR,DEL#CORR,"Delivery, Correctness"
,,,▁sa,O,,O - ,,DEL#CORR,DEL#CORR,"Delivery, Correctness"
,,,▁anak,O,,O - ,,DEL#CORR,DEL#CORR,"Delivery, Correctness"
,,,▁kong,O,,O - ,,DEL#CORR,DEL#CORR,"Delivery, Correctness"
,,,▁lalaki,O,,O - ,,DEL#CORR,DEL#CORR,"Delivery, Correctness"
,,,▁pero,O,,O - ,,DEL#CORR,DEL#CORR,"Delivery, Correctness"
,,,▁pink,O,,O - ,,DEL#CORR,DEL#CORR,"Delivery, Correctness"
,,,▁yung,O,,O - ,,DEL#CORR,DEL#CORR,"Delivery, Correctness"
,,,▁dumating,O,,O - ,,DEL#CORR,DEL#CORR,"Delivery, Correctness"
,,,▁sakin,O,,O - ,,DEL#CORR,DEL#CORR,"Delivery, Correctness"
,,,▁nakaka,O,,O - ,,,,
,,,▁di,O,,O - ,,,,
,,,ssa,O,,O - ,,,,
,,,point,O,,O - ,,,,
15,wrong color po yung dumating tapos yung green natanggal yung cover niya,"['▁wrong', '▁color', '▁po', '▁yung', '▁dumating', '▁tapos', '▁yung', '▁green', '▁na', 'tanggal', '▁yung', '▁cover', '▁niya']",▁wrong,B,DEL#CORR,B - DEL#CORR,"Delivery, Correctness",,,
,,,▁color,I,DEL#CORR,I - DEL#CORR,"Delivery, Correctness",,,
,,,▁po,I,DEL#CORR,I - DEL#CORR,"Delivery, Correctness",,,
,,,▁yung,I,DEL#CORR,I - DEL#CORR,"Delivery, Correctness",,,
,,,▁dumating,I,DEL#CORR,I - DEL#CORR,"Delivery, Correctness",,,
,,,▁tapos,O,,O - ,,,,
,,,▁yung,O,,O - ,,PRO#COND,PRO#COND,"Product, Condition"
,,,▁green,O,,O - ,,PRO#COND,PRO#COND,"Product, Condition"
,,,▁na,O,,O - ,,PRO#COND,PRO#COND,"Product, Condition"
,,,tanggal,O,,O - ,,PRO#COND,PRO#COND,"Product, Condition"
,,,▁yung,O,,O - ,,PRO#COND,PRO#COND,"Product, Condition"
,,,▁cover,O,,O - ,,PRO#COND,PRO#COND,"Product, Condition"
,,,▁niya,O,,O - ,,,,
16,"5/10 ang mahal ng payong, nd nmn ganun ka quality sira pa, sabi ko seller if ayaw bilik pera ko change items nd na nag reply","['▁5', '/10', '▁ang', '▁mahal', '▁ng', '▁pa', 'yong', ',', '▁', 'nd', '▁n', 'mn', '▁ganun', '▁ka', '▁quality', '▁sira', '▁pa', ',', '▁sabi', '▁ko', '▁selle', 'r', '▁if', '▁ayaw', '▁bilik', '▁per', 'a', '▁ko', '▁change', '▁items', '▁', 'nd', '▁na', '▁nag', '▁reply']",▁5,O,,O - ,,,,
,,,/10,O,,O - ,,,,
,,,▁ang,B,PRI#AFF,B - PRI#AFF,"Price, Affordability",,,
,,,▁mahal,I,PRI#AFF,I - PRI#AFF,"Price, Affordability",,,
,,,▁ng,I,PRI#AFF,I - PRI#AFF,"Price, Affordability",,,
,,,▁pa,I,PRI#AFF,I - PRI#AFF,"Price, Affordability",,,
,,,yong,I,PRI#AFF,I - PRI#AFF,"Price, Affordability",,,
,,,▁,,, - ,,,,
,,,nd,,, - ,,PRO#GEN,PRO#GEN,"Product, General"
,,,▁n,,, - ,,PRO#GEN,PRO#GEN,"Product, General"
,,,mn,,, - ,,PRO#GEN,PRO#GEN,"Product, General"
,,,▁ganun,,, - ,,PRO#GEN,PRO#GEN,"Product, General"
,,,▁ka,,, - ,,PRO#GEN,PRO#GEN,"Product, General"
,,,▁quality,,, - ,,PRO#GEN,PRO#GEN,"Product, General"
,,,▁sira,,, - ,,PRO#COND,PRO#COND,"Product, Condition"
,,,▁pa,,, - ,,,,
,,,▁sabi,B,SER#RES,B - SER#RES,"Service, Responsiveness",,,
,,,▁ko,I,SER#RES,I - SER#RES,"Service, Responsiveness",,,
,,,▁selle,I,SER#RES,I - SER#RES,"Service, Responsiveness",,,
,,,r,I,SER#RES,I - SER#RES,"Service, Responsiveness",,,
,,,▁if,I,SER#RES,I - SER#RES,"Service, Responsiveness",,,
,,,▁ayaw,I,SER#RES,I - SER#RES,"Service, Responsiveness",,,
,,,▁bilik,I,SER#RES,I - SER#RES,"Service, Responsiveness",,,
,,,▁per,I,SER#RES,I - SER#RES,"Service, Responsiveness",,,
,,,a,I,SER#RES,I - SER#RES,"Service, Responsiveness",,,
,,,▁ko,I,SER#RES,I - SER#RES,"Service, Responsiveness",,,
,,,▁change,I,SER#RES,I - SER#RES,"Service, Responsiveness",,,
,,,▁items,I,SER#RES,I - SER#RES,"Service, Responsiveness",,,
,,,▁,I,SER#RES,I - SER#RES,"Service, Responsiveness",,,
,,,nd,I,SER#RES,I - SER#RES,"Service, Responsiveness",,,
,,,▁na,I,SER#RES,I - SER#RES,"Service, Responsiveness",,,
,,,▁nag,I,SER#RES,I - SER#RES,"Service, Responsiveness",,,
,,,▁reply,I,SER#RES,I - SER#RES,"Service, Responsiveness",,,
17,sabe q ky seller mga mahaba ang ipadala nya pagdating sakin isa ang mahaba kulay biege lang panu pa masusuot ng omorder skin e ang iiksi,"['▁sabe', '▁q', '▁ky', '▁selle', 'r', '▁mga', '▁maha', 'ba', '▁ang', '▁i', 'pada', 'la', '▁nya', '▁pagdating', '▁sakin', '▁isa', '▁ang', '▁maha', 'ba', '▁kulay', '▁bieg', 'e', '▁lang', '▁pan', 'u', '▁pa', '▁mas', 'usu', 'ot', '▁ng', '▁om', 'order', '▁skin', '▁e', '▁ang', '▁i', 'iksi']",▁sabe,O,,O - ,,DEL#CORR,DEL#CORR,"Delivery, Correctness"
,,,▁q,O,,O - ,,DEL#CORR,DEL#CORR,"Delivery, Correctness"
,,,▁ky,O,,O - ,,DEL#CORR,DEL#CORR,"Delivery, Correctness"
,,,▁selle,O,,O - ,,DEL#CORR,DEL#CORR,"Delivery, Correctness"
,,,r,O,,O - ,,DEL#CORR,DEL#CORR,"Delivery, Correctness"
,,,▁mga,O,,O - ,,DEL#CORR,DEL#CORR,"Delivery, Correctness"
,,,▁maha,O,,O - ,,DEL#CORR,DEL#CORR,"Delivery, Correctness"
,,,ba,O,,O - ,,DEL#CORR,DEL#CORR,"Delivery, Correctness"
,,,▁ang,O,,O - ,,DEL#CORR,DEL#CORR,"Delivery, Correctness"
,,,▁i,O,,O - ,,DEL#CORR,DEL#CORR,"Delivery, Correctness"
,,,pada,O,,O - ,,DEL#CORR,DEL#CORR,"Delivery, Correctness"
,,,la,O,,O - ,,DEL#CORR,DEL#CORR,"Delivery, Correctness"
,,,▁nya,O,,O - ,,DEL#CORR,DEL#CORR,"Delivery, Correctness"
,,,▁pagdating,O,,O - ,,DEL#CORR,DEL#CORR,"Delivery, Correctness"
,,,▁sakin,O,,O - ,,DEL#CORR,DEL#CORR,"Delivery, Correctness"
,,,▁isa,O,,O - ,,DEL#CORR,DEL#CORR,"Delivery, Correctness"
,,,▁ang,O,,O - ,,DEL#CORR,DEL#CORR,"Delivery, Correctness"
,,,▁maha,O,,O - ,,DEL#CORR,DEL#CORR,"Delivery, Correctness"
,,,ba,O,,O - ,,DEL#CORR,DEL#CORR,"Delivery, Correctness"
,,,▁kulay,O,,O - ,,,,
,,,▁bieg,O,,O - ,,,,
,,,e,O,,O - ,,,,
,,,▁lang,O,,O - ,,,,
,,,▁pan,O,,O - ,,PRO#SIZE,PRO#SIZE,"Product, Size / Measurement"
,,,u,O,,O - ,,PRO#SIZE,PRO#SIZE,"Product, Size / Measurement"
,,,▁pa,O,,O - ,,PRO#SIZE,PRO#SIZE,"Product, Size / Measurement"
,,,▁mas,O,,O - ,,PRO#SIZE,PRO#SIZE,"Product, Size / Measurement"
,,,usu,O,,O - ,,PRO#SIZE,PRO#SIZE,"Product, Size / Measurement"
,,,ot,O,,O - ,,PRO#SIZE,PRO#SIZE,"Product, Size / Measurement"
,,,▁ng,O,,O - ,,PRO#SIZE,PRO#SIZE,"Product, Size / Measurement"
,,,▁om,O,,O - ,,PRO#SIZE,PRO#SIZE,"Product, Size / Measurement"
,,,order,O,,O - ,,PRO#SIZE,PRO#SIZE,"Product, Size / Measurement"
,,,▁skin,O,,O - ,,PRO#SIZE,PRO#SIZE,"Product, Size / Measurement"
,,,▁e,O,,O - ,,PRO#SIZE,PRO#SIZE,"Product, Size / Measurement"
,,,▁ang,O,,O - ,,PRO#SIZE,PRO#SIZE,"Product, Size / Measurement"
,,,▁i,O,,O - ,,PRO#SIZE,PRO#SIZE,"Product, Size / Measurement"
,,,iksi,O,,O - ,,PRO#SIZE,PRO#SIZE,"Product, Size / Measurement"
18,"close to ok lang i contacted the seller and they admitted that they intentionaly sent the wrong color without informing me. the problem is i ordered it as gift for a man, so purple is not really ok! and both bottles have scratches doesnt look new for me. ","['▁close', '▁to', '▁ok', '▁lang', '▁i', '▁contact', 'ed', '▁the', '▁selle', 'r', '▁and', '▁they', '▁admit', 'ted', '▁that', '▁they', '▁intention', 'a', 'ly', '▁sent', '▁the', '▁wrong', '▁color', '▁without', '▁inform', 'ing', '▁me', '.', '▁the', '▁problem', '▁is', '▁i', '▁order', 'ed', '▁it', '▁as', '▁gift', '▁for', '▁a', '▁man', ',', '▁so', '▁pur', 'ple', '▁is', '▁not', '▁really', '▁ok', '!', '▁and', '▁both', '▁bottle', 's', '▁have', '▁scratch', 'es', '▁doesn', 't', '▁look', '▁new', '▁for', '▁me', '.']",▁close,,, - ,,,,
,,,▁to,,, - ,,,,
,,,▁ok,,, - ,,,,
,,,▁lang,,, - ,,,,
,,,▁i,B,SER#TRU,B - SER#TRU,"Service, Trustworthiness",,,
,,,▁contact,I,SER#TRU,I - SER#TRU,"Service, Trustworthiness",,,
,,,ed,I,SER#TRU,I - SER#TRU,"Service, Trustworthiness",,,
,,,▁the,I,SER#TRU,I - SER#TRU,"Service, Trustworthiness",,,
,,,▁selle,I,SER#TRU,I - SER#TRU,"Service, Trustworthiness",,,
,,,r,I,SER#TRU,I - SER#TRU,"Service, Trustworthiness",,,
,,,▁and,I,SER#TRU,I - SER#TRU,"Service, Trustworthiness",,,
,,,▁they,I,SER#TRU,I - SER#TRU,"Service, Trustworthiness",,,
,,,▁admit,I,SER#TRU,I - SER#TRU,"Service, Trustworthiness",,,
,,,ted,I,SER#TRU,I - SER#TRU,"Service, Trustworthiness",,,
,,,▁that,I,SER#TRU,I - SER#TRU,"Service, Trustworthiness",,,
,,,▁they,I,SER#TRU,I - SER#TRU,"Service, Trustworthiness",,,
,,,▁intention,I,SER#TRU,I - SER#TRU,"Service, Trustworthiness",,,
,,,a,I,SER#TRU,I - SER#TRU,"Service, Trustworthiness",,,
,,,ly,I,SER#TRU,I - SER#TRU,"Service, Trustworthiness",,,
,,,▁sent,I,SER#TRU,I - SER#TRU,"Service, Trustworthiness",,,
,,,▁the,I,SER#TRU,I - SER#TRU,"Service, Trustworthiness",,,
,,,▁wrong,I,SER#TRU,I - SER#TRU,"Service, Trustworthiness",,,
,,,▁color,I,SER#TRU,I - SER#TRU,"Service, Trustworthiness",,,
,,,▁without,I,SER#TRU,I - SER#TRU,"Service, Trustworthiness",,,
,,,▁inform,I,SER#TRU,I - SER#TRU,"Service, Trustworthiness",,,
,,,ing,I,SER#TRU,I - SER#TRU,"Service, Trustworthiness",,,
,,,▁me,I,SER#TRU,I - SER#TRU,"Service, Trustworthiness",,,
,,,.,O,,O - ,,,,
,,,▁the,O,,O - ,,,,
,,,▁problem,O,,O - ,,,,
,,,▁is,O,,O - ,,,,
,,,▁i,O,,O - ,,DEL#CORR,DEL#CORR,"Delivery, Correctness"
,,,▁order,O,,O - ,,DEL#CORR,DEL#CORR,"Delivery, Correctness"
,,,ed,O,,O - ,,DEL#CORR,DEL#CORR,"Delivery, Correctness"
,,,▁it,O,,O - ,,DEL#CORR,DEL#CORR,"Delivery, Correctness"
,,,▁as,O,,O - ,,DEL#CORR,DEL#CORR,"Delivery, Correctness"
,,,▁gift,O,,O - ,,DEL#CORR,DEL#CORR,"Delivery, Correctness"
,,,▁for,O,,O - ,,DEL#CORR,DEL#CORR,"Delivery, Correctness"
,,,▁a,O,,O - ,,DEL#CORR,DEL#CORR,"Delivery, Correctness"
,,,▁man,O,,O - ,,DEL#CORR,DEL#CORR,"Delivery, Correctness"
,,,▁so,O,,O - ,,DEL#CORR,DEL#CORR,"Delivery, Correctness"
,,,▁pur,,, - ,,DEL#CORR,DEL#CORR,"Delivery, Correctness"
,,,ple,,, - ,,DEL#CORR,DEL#CORR,"Delivery, Correctness"
,,,▁is,O,,O - ,,DEL#CORR,DEL#CORR,"Delivery, Correctness"
,,,▁not,O,,O - ,,DEL#CORR,DEL#CORR,"Delivery, Correctness"
,,,▁really,O,,O - ,,DEL#CORR,DEL#CORR,"Delivery, Correctness"
,,,▁ok,O,,O - ,,DEL#CORR,DEL#CORR,"Delivery, Correctness"
,,,!,O,,O - ,,,,
,,,▁and,O,,O - ,,,,
,,,▁both,B,PRO#COND,B - PRO#COND,"Product, Condition",,,
,,,▁bottle,I,PRO#COND,I - PRO#COND,"Product, Condition",,,
,,,s,I,PRO#COND,I - PRO#COND,"Product, Condition",,,
,,,▁have,I,PRO#COND,I - PRO#COND,"Product, Condition",,,
,,,▁scratch,I,PRO#COND,I - PRO#COND,"Product, Condition",,,
,,,es,I,PRO#COND,I - PRO#COND,"Product, Condition",,,
,,,▁doesn,O,,O - ,,PRO#GEN,PRO#GEN,"Product, General"
,,,t,O,,O - ,,PRO#GEN,PRO#GEN,"Product, General"
,,,▁look,O,,O - ,,PRO#GEN,PRO#GEN,"Product, General"
,,,▁new,O,,O - ,,PRO#GEN,PRO#GEN,"Product, General"
,,,▁for,O,,O - ,,PRO#GEN,PRO#GEN,"Product, General"
,,,▁me,O,,O - ,,PRO#GEN,PRO#GEN,"Product, General"
,,,.,O,,O - ,,,,
19,"not good sana nman ung ok ipadeliver nyo,","['▁not', '▁good', '▁sana', '▁n', 'man', '▁ung', '▁ok', '▁i', 'pad', 'e', 'liver', '▁nyo', ',']",▁not,,, - ,,,,
,,,▁good,,, - ,,,,
,,,▁sana,,, - ,,,,
,,,▁n,,, - ,,,,
,,,man,,, - ,,,,
,,,▁ung,,, - ,,,,
,,,▁ok,,, - ,,,,
,,,▁i,,, - ,,,,
,,,pad,,, - ,,,,
,,,e,,, - ,,,,
,,,liver,,, - ,,,,
,,,▁nyo,,, - ,,,,
20,ang pangit ng item sorry ahhh n ung size kala mo pang bata,"['▁ang', '▁pang', 'it', '▁ng', '▁item', '▁sorry', '▁a', 'hhh', '▁n', '▁ung', '▁size', '▁kala', '▁mo', '▁pang', '▁bata']",▁ang,B,PRO#GEN,B - PRO#GEN,"Product, General",,,
,,,▁pang,I,PRO#GEN,I - PRO#GEN,"Product, General",,,
,,,it,I,PRO#GEN,I - PRO#GEN,"Product, General",,,
,,,▁ng,I,PRO#GEN,I - PRO#GEN,"Product, General",,,
,,,▁item,I,PRO#GEN,I - PRO#GEN,"Product, General",,,
,,,▁sorry,O,,O - ,,,,
,,,▁a,O,,O - ,,,,
,,,hhh,O,,O - ,,,,
,,,▁n,O,,O - ,,,,
,,,▁ung,O,,O - ,,PRO#SIZE,PRO#SIZE,"Product, Size / Measurement"
,,,▁size,O,,O - ,,PRO#SIZE,PRO#SIZE,"Product, Size / Measurement"
,,,▁kala,O,,O - ,,PRO#SIZE,PRO#SIZE,"Product, Size / Measurement"
,,,▁mo,O,,O - ,,PRO#SIZE,PRO#SIZE,"Product, Size / Measurement"
,,,▁pang,O,,O - ,,PRO#SIZE,PRO#SIZE,"Product, Size / Measurement"
,,,▁bata,O,,O - ,,PRO#SIZE,PRO#SIZE,"Product, Size / Measurement"
21,5 mystery box binili ko pero 5 din na magkapareho na mystery box. anong mystery jan. bumili paman din ako ng 5 para ma surprise ako. na surprise nga kasi magkaka pareho umay. wala man lang mouse o keyboard.,"['▁5', '▁mystery', '▁box', '▁bin', 'ili', '▁ko', '▁pero', '▁5', '▁din', '▁na', '▁magka', 'pare', 'ho', '▁na', '▁mystery', '▁box', '.', '▁anong', '▁mystery', '▁jan', '.', '▁bumili', '▁pa', 'man', '▁din', '▁ako', '▁ng', '▁5', '▁para', '▁ma', '▁surprise', '▁ako', '.', '▁na', '▁surprise', '▁nga', '▁kasi', '▁magka', 'ka', '▁pare', 'ho', '▁uma', 'y', '.', '▁wala', '▁man', '▁lang', '▁mouse', '▁o', '▁keyboard', '.']",▁5,B,PRO#CORR,B - PRO#CORR,"Product, Correctness",,,
,,,▁mystery,I,PRO#CORR,I - PRO#CORR,"Product, Correctness",,,
,,,▁box,I,PRO#CORR,I - PRO#CORR,"Product, Correctness",,,
,,,▁bin,I,PRO#CORR,I - PRO#CORR,"Product, Correctness",,,
,,,ili,I,PRO#CORR,I - PRO#CORR,"Product, Correctness",,,
,,,▁ko,I,PRO#CORR,I - PRO#CORR,"Product, Correctness",,,
,,,▁pero,I,PRO#CORR,I - PRO#CORR,"Product, Correctness",,,
,,,▁5,I,PRO#CORR,I - PRO#CORR,"Product, Correctness",,,
,,,▁din,I,PRO#CORR,I - PRO#CORR,"Product, Correctness",,,
,,,▁na,I,PRO#CORR,I - PRO#CORR,"Product, Correctness",,,
,,,▁magka,I,PRO#CORR,I - PRO#CORR,"Product, Correctness",,,
,,,pare,I,PRO#CORR,I - PRO#CORR,"Product, Correctness",,,
,,,ho,I,PRO#CORR,I - PRO#CORR,"Product, Correctness",,,
,,,▁na,I,PRO#CORR,I - PRO#CORR,"Product, Correctness",,,
,,,▁mystery,I,PRO#CORR,I - PRO#CORR,"Product, Correctness",,,
,,,▁box,I,PRO#CORR,I - PRO#CORR,"Product, Correctness",,,
,,,.,O,,O - ,,,,
,,,▁anong,O,,O - ,,,,
,,,▁mystery,O,,O - ,,,,
,,,▁jan,O,,O - ,,,,
,,,.,O,,O - ,,,,
,,,▁bumili,O,,O - ,,,,
,,,▁pa,O,,O - ,,,,
,,,man,O,,O - ,,,,
,,,▁din,O,,O - ,,,,
,,,▁ako,O,,O - ,,,,
,,,▁ng,O,,O - ,,,,
,,,▁5,O,,O - ,,,,
,,,▁para,O,,O - ,,,,
,,,▁ma,O,,O - ,,,,
,,,▁surprise,O,,O - ,,,,
,,,▁ako,O,,O - ,,,,
,,,.,O,,O - ,,,,
,,,▁na,O,,O - ,,,,
,,,▁surprise,O,,O - ,,,,
,,,▁nga,O,,O - ,,,,
,,,▁kasi,O,,O - ,,,,
,,,▁magka,O,,O - ,,,,
,,,ka,O,,O - ,,,,
,,,▁pare,O,,O - ,,,,
,,,ho,O,,O - ,,,,
,,,▁uma,O,,O - ,,,,
,,,y,O,,O - ,,,,
,,,.,O,,O - ,,,,
,,,▁wala,B,DEL#CORR,B - DEL#CORR,"Delivery, Correctness",,,
,,,▁man,I,DEL#CORR,I - DEL#CORR,"Delivery, Correctness",,,
,,,▁lang,I,DEL#CORR,I - DEL#CORR,"Delivery, Correctness",,,
,,,▁mouse,I,DEL#CORR,I - DEL#CORR,"Delivery, Correctness",,,
,,,▁o,I,DEL#CORR,I - DEL#CORR,"Delivery, Correctness",,,
,,,▁keyboard,I,DEL#CORR,I - DEL#CORR,"Delivery, Correctness",,,
,,,.,,, - ,,,,
22,"0/10 d maganda yung product matqgal matuyo, kumakalat sa mata, hindi water proof.","['▁0', '/10', '▁d', '▁maganda', '▁yung', '▁product', '▁mat', 'q', 'gal', '▁matu', 'yo', ',', '▁kuma', 'kala', 't', '▁sa', '▁mata', ',', '▁hindi', '▁water', '▁', 'proof', '.']",▁0,B,PRO#GEN,B - PRO#GEN,"Product, General",,,
,,,/10,I,PRO#GEN,I - PRO#GEN,"Product, General",,,
,,,▁d,I,PRO#GEN,I - PRO#GEN,"Product, General",,,
,,,▁maganda,I,PRO#GEN,I - PRO#GEN,"Product, General",,,
,,,▁yung,I,PRO#GEN,I - PRO#GEN,"Product, General",,,
,,,▁product,I,PRO#GEN,I - PRO#GEN,"Product, General",,,
,,,▁mat,O,,O - ,,PRO#EFF,PRO#EFF,"Product, Effectiveness"
,,,q,O,,O - ,,PRO#EFF,PRO#EFF,"Product, Effectiveness"
,,,gal,O,,O - ,,PRO#EFF,PRO#EFF,"Product, Effectiveness"
,,,▁matu,O,,O - ,,PRO#EFF,PRO#EFF,"Product, Effectiveness"
,,,yo,O,,O - ,,PRO#EFF,PRO#EFF,"Product, Effectiveness"
,,,▁kuma,O,,O - ,,PRO#EFF,PRO#EFF,"Product, Effectiveness"
,,,kala,O,,O - ,,PRO#EFF,PRO#EFF,"Product, Effectiveness"
,,,t,O,,O - ,,PRO#EFF,PRO#EFF,"Product, Effectiveness"
,,,▁sa,O,,O - ,,PRO#EFF,PRO#EFF,"Product, Effectiveness"
,,,▁mata,O,,O - ,,PRO#EFF,PRO#EFF,"Product, Effectiveness"
,,,▁hindi,O,,O - ,,PRO#FUNC,PRO#FUNC,"Product, Functionality"
,,,▁water,O,,O - ,,PRO#FUNC,PRO#FUNC,"Product, Functionality"
,,,▁,O,,O - ,,PRO#FUNC,PRO#FUNC,"Product, Functionality"
,,,proof,O,,O - ,,PRO#FUNC,PRO#FUNC,"Product, Functionality"
,,,.,O,,O - ,,,,
23,"good quality product ok naman ung order mabilis dumating, well pack din kaso orde ko lima tapos isa lang ang dumating ok lang kasi nakarefund ako try ko ulit umorder sa kanila baka kasi nalito lang si seller at magpapasko madaming order . ","['▁good', '▁quality', '▁product', '▁ok', '▁naman', '▁ung', '▁order', '▁mabilis', '▁dumating', ',', '▁well', '▁pack', '▁din', '▁kas', 'o', '▁orde', '▁ko', '▁lima', '▁tapos', '▁isa', '▁lang', '▁ang', '▁dumating', '▁ok', '▁lang', '▁kasi', '▁naka', 're', 'fund', '▁ako', '▁try', '▁ko', '▁ulit', '▁um', 'order', '▁sa', '▁kanila', '▁baka', '▁kasi', '▁na', 'li', 'to', '▁lang', '▁si', '▁selle', 'r', '▁at', '▁magpa', 'pas', 'ko', '▁mada', 'ming', '▁order', '▁', '.']",▁good,B,PRO#GEN,B - PRO#GEN,"Product, General",,,
,,,▁quality,I,PRO#GEN,I - PRO#GEN,"Product, General",,,
,,,▁product,I,PRO#GEN,I - PRO#GEN,"Product, General",,,
,,,▁ok,O,,O - ,,,,
,,,▁naman,O,,O - ,,,,
,,,▁ung,B,DEL#TIME,B - DEL#TIME,"Delivery, Timeliness",,,
,,,▁order,I,DEL#TIME,I - DEL#TIME,"Delivery, Timeliness",,,
,,,▁mabilis,I,DEL#TIME,I - DEL#TIME,"Delivery, Timeliness",,,
,,,▁dumating,I,DEL#TIME,I - DEL#TIME,"Delivery, Timeliness",,,
,,,▁well,O,,O - ,,SER#HAND,SER#HAND,"Service, Handling"
,,,▁pack,O,,O - ,,SER#HAND,SER#HAND,"Service, Handling"
,,,▁din,O,,O - ,,,,
,,,▁kas,O,,O - ,,,,
,,,o,O,,O - ,,,,
,,,▁orde,O,,O - ,,DEL#CORR,DEL#CORR,"Delivery, Correctness"
,,,▁ko,O,,O - ,,DEL#CORR,DEL#CORR,"Delivery, Correctness"
,,,▁lima,O,,O - ,,DEL#CORR,DEL#CORR,"Delivery, Correctness"
,,,▁tapos,O,,O - ,,DEL#CORR,DEL#CORR,"Delivery, Correctness"
,,,▁isa,O,,O - ,,DEL#CORR,DEL#CORR,"Delivery, Correctness"
,,,▁lang,O,,O - ,,DEL#CORR,DEL#CORR,"Delivery, Correctness"
,,,▁ang,O,,O - ,,DEL#CORR,DEL#CORR,"Delivery, Correctness"
,,,▁dumating,O,,O - ,,DEL#CORR,DEL#CORR,"Delivery, Correctness"
,,,▁ok,O,,O - ,,,,
,,,▁lang,O,,O - ,,,,
,,,▁kasi,O,,O - ,,,,
,,,▁naka,O,,O - ,,SER#RES,SER#RES,"Service, Responsiveness"
,,,re,O,,O - ,,SER#RES,SER#RES,"Service, Responsiveness"
,,,fund,O,,O - ,,SER#RES,SER#RES,"Service, Responsiveness"
,,,▁ako,O,,O - ,,SER#RES,SER#RES,"Service, Responsiveness"
,,,▁try,O,,O - ,,,,
,,,▁ko,O,,O - ,,,,
,,,▁ulit,O,,O - ,,,,
,,,▁um,O,,O - ,,,,
,,,order,O,,O - ,,,,
,,,▁sa,O,,O - ,,,,
,,,▁kanila,O,,O - ,,,,
,,,▁baka,O,,O - ,,,,
,,,▁kasi,O,,O - ,,,,
,,,▁na,B,SER#GEN,B - SER#GEN,"Service, General",,,
,,,li,I,SER#GEN,I - SER#GEN,"Service, General",,,
,,,to,I,SER#GEN,I - SER#GEN,"Service, General",,,
,,,▁lang,I,SER#GEN,I - SER#GEN,"Service, General",,,
,,,▁si,I,SER#GEN,I - SER#GEN,"Service, General",,,
,,,▁selle,I,SER#GEN,I - SER#GEN,"Service, General",,,
,,,r,I,SER#GEN,I - SER#GEN,"Service, General",,,
,,,▁at,O,,O - ,,,,
,,,▁magpa,O,,O - ,,,,
,,,pas,O,,O - ,,,,
,,,ko,O,,O - ,,,,
,,,▁mada,O,,O - ,,,,
,,,ming,O,,O - ,,,,
,,,▁order,O,,O - ,,,,
,,,▁,O,,O - ,,,,
,,,.,O,,O - ,,,,
24,sigundo ko lng sya nagamit bago yung battery nilagay ko pero pahinto hinto syahindi na ako bibilin ng ganyan much better nag ahit nalang sana ulit ako,"['▁sig', 'u', 'ndo', '▁ko', '▁l', 'ng', '▁sya', '▁na', 'ga', 'mit', '▁bago', '▁yung', '▁battery', '▁ni', 'lagay', '▁ko', '▁pero', '▁pah', 'into', '▁hin', 'to', '▁sya', 'hindi', '▁na', '▁ako', '▁bi', 'bili', 'n', '▁ng', '▁gan', 'yan', '▁much', '▁better', '▁nag', '▁a', 'hit', '▁na', 'lang', '▁sana', '▁ulit', '▁ako']",▁sig,,, - ,,,,
,,,u,,, - ,,,,
,,,ndo,,, - ,,,,
,,,▁ko,,, - ,,,,
,,,▁l,,, - ,,,,
,,,ng,,, - ,,,,
,,,▁sya,,, - ,,,,
,,,▁na,,, - ,,,,
,,,ga,,, - ,,,,
,,,mit,,, - ,,,,
,,,▁bago,O,,O - ,,,,
,,,▁yung,O,,O - ,,,,
,,,▁battery,O,,O - ,,,,
,,,▁ni,O,,O - ,,,,
,,,lagay,O,,O - ,,,,
,,,▁ko,O,,O - ,,,,
,,,▁pero,O,,O - ,,,,
,,,▁pah,,, - ,,,,
,,,into,,, - ,,,,
,,,▁hin,,, - ,,,,
,,,to,,, - ,,,,
,,,▁sya,O,,O - ,,,,
,,,hindi,,, - ,,,,
,,,▁na,,, - ,,,,
,,,▁ako,,, - ,,,,
,,,▁bi,,, - ,,,,
,,,bili,,, - ,,,,
,,,n,,, - ,,,,
,,,▁ng,,, - ,,,,
,,,▁gan,,, - ,,,,
,,,yan,,, - ,,,,
,,,▁much,O,,O - ,,,,
,,,▁better,O,,O - ,,,,
,,,▁nag,O,,O - ,,,,
,,,▁a,O,,O - ,,,,
,,,hit,O,,O - ,,,,
,,,▁na,O,,O - ,,,,
,,,lang,O,,O - ,,,,
,,,▁sana,O,,O - ,,,,
,,,▁ulit,O,,O - ,,,,
,,,▁ako,O,,O - ,,,,
25,madikit naman kaso di pantay pantay yung cut di pantay pantay yung cut sa 1st 2 lines di pantay yun yung galing sa shop na to while sa 3rd lines sa ibang shopping app ko na binili di pantay pantay yung cut,"['▁ma', 'dik', 'it', '▁naman', '▁kas', 'o', '▁di', '▁panta', 'y', '▁panta', 'y', '▁yung', '▁cut', '▁di', '▁panta', 'y', '▁panta', 'y', '▁yung', '▁cut', '▁sa', '▁1', 'st', '▁2', '▁lines', '▁di', '▁panta', 'y', '▁yun', '▁yung', '▁galing', '▁sa', '▁shop', '▁na', '▁to', '▁while', '▁sa', '▁3', 'rd', '▁lines', '▁sa', '▁ibang', '▁shopping', '▁app', '▁ko', '▁na', '▁bin', 'ili', '▁di', '▁panta', 'y', '▁panta', 'y', '▁yung', '▁cut']",▁ma,,, - ,,,,
,,,dik,,, - ,,,,
,,,it,,, - ,,,,
,,,▁naman,O,,O - ,,,,
,,,▁kas,O,,O - ,,,,
,,,o,O,,O - ,,,,
,,,▁di,,, - ,,,,
,,,▁panta,,, - ,,,,
,,,y,,, - ,,,,
,,,▁panta,,, - ,,,,
,,,y,,, - ,,,,
,,,▁yung,,, - ,,,,
,,,▁cut,,, - ,,,,
,,,▁di,O,,O - ,,,,
,,,▁panta,O,,O - ,,,,
,,,y,O,,O - ,,,,
,,,▁panta,O,,O - ,,,,
,,,y,O,,O - ,,,,
,,,▁yung,O,,O - ,,,,
,,,▁cut,O,,O - ,,,,
,,,▁sa,O,,O - ,,,,
,,,▁1,O,,O - ,,,,
,,,st,O,,O - ,,,,
,,,▁2,O,,O - ,,,,
,,,▁lines,O,,O - ,,,,
,,,▁di,O,,O - ,,,,
,,,▁panta,O,,O - ,,,,
,,,y,O,,O - ,,,,
,,,▁yun,O,,O - ,,,,
,,,▁yung,O,,O - ,,,,
,,,▁galing,O,,O - ,,,,
,,,▁sa,O,,O - ,,,,
,,,▁shop,O,,O - ,,,,
,,,▁na,O,,O - ,,,,
,,,▁to,O,,O - ,,,,
,,,▁while,O,,O - ,,,,
,,,▁sa,O,,O - ,,,,
,,,▁3,O,,O - ,,,,
,,,rd,O,,O - ,,,,
,,,▁lines,O,,O - ,,,,
,,,▁sa,O,,O - ,,,,
,,,▁ibang,O,,O - ,,,,
,,,▁shopping,O,,O - ,,,,
,,,▁app,O,,O - ,,,,
,,,▁ko,O,,O - ,,,,
,,,▁na,O,,O - ,,,,
,,,▁bin,O,,O - ,,,,
,,,ili,O,,O - ,,,,
,,,▁di,O,,O - ,,,,
,,,▁panta,O,,O - ,,,,
,,,y,O,,O - ,,,,
,,,▁panta,O,,O - ,,,,
,,,y,O,,O - ,,,,
,,,▁yung,O,,O - ,,,,
,,,▁cut,O,,O - ,,,,
26,mali po ata yung na bigay ni seller we're expecting na ma received yung parang gradient na water bottle pero iba po yung na received namin but okay lang anjan na yan eh.,"['▁mali', '▁po', '▁ata', '▁yung', '▁na', '▁', 'bigay', '▁ni', '▁selle', 'r', '▁we', ""'"", 're', '▁expect', 'ing', '▁na', '▁ma', '▁received', '▁yung', '▁parang', '▁gradi', 'ent', '▁na', '▁water', '▁bottle', '▁pero', '▁iba', '▁po', '▁yung', '▁na', '▁received', '▁namin', '▁but', '▁okay', '▁lang', '▁an', 'jan', '▁na', '▁yan', '▁eh', '.']",▁mali,B,DEL#CORR,B - DEL#CORR,"Delivery, Correctness",,,
,,,▁po,I,DEL#CORR,I - DEL#CORR,"Delivery, Correctness",,,
,,,▁ata,I,DEL#CORR,I - DEL#CORR,"Delivery, Correctness",,,
,,,▁yung,I,DEL#CORR,I - DEL#CORR,"Delivery, Correctness",,,
,,,▁na,I,DEL#CORR,I - DEL#CORR,"Delivery, Correctness",,,
,,,▁,I,DEL#CORR,I - DEL#CORR,"Delivery, Correctness",,,
,,,bigay,I,DEL#CORR,I - DEL#CORR,"Delivery, Correctness",,,
,,,▁ni,I,DEL#CORR,I - DEL#CORR,"Delivery, Correctness",,,
,,,▁selle,I,DEL#CORR,I - DEL#CORR,"Delivery, Correctness",,,
,,,r,I,DEL#CORR,I - DEL#CORR,"Delivery, Correctness",,,
,,,▁we,O,,O - ,,,,
,,,"""""",O,,O - ,,,,
,,,re,O,,O - ,,,,
,,,▁expect,O,,O - ,,,,
,,,ing,O,,O - ,,,,
,,,▁na,O,,O - ,,,,
,,,▁ma,O,,O - ,,,,
,,,▁received,O,,O - ,,,,
,,,▁yung,O,,O - ,,,,
,,,▁parang,O,,O - ,,,,
,,,▁gradi,,, - ,,,,
,,,ent,,, - ,,,,
,,,▁na,,, - ,,,,
,,,▁water,,, - ,,,,
,,,▁bottle,,, - ,,,,
,,,▁pero,O,,O - ,,,,
,,,▁iba,,, - ,,,,
,,,▁po,,, - ,,,,
,,,▁yung,,, - ,,,,
,,,▁na,,, - ,,,,
,,,▁received,,, - ,,,,
,,,▁namin,,, - ,,,,
,,,▁but,O,,O - ,,,,
,,,▁okay,,, - ,,,,
,,,▁lang,,, - ,,,,
,,,▁an,,, - ,,,,
,,,jan,,, - ,,,,
,,,▁na,,, - ,,,,
,,,▁yan,,, - ,,,,
,,,▁eh,,, - ,,,,
,,,.,O,,O - ,,,,
27,"hindi black yung eyeliner na dumating, pwro black yakaga inorder ko.","['▁hindi', '▁black', '▁yung', '▁eye', 'liner', '▁na', '▁dumating', ',', '▁pw', 'ro', '▁black', '▁yaka', 'ga', '▁in', 'order', '▁ko', '.']",▁hindi,,, - ,,,,
,,,▁black,,, - ,,,,
,,,▁yung,,, - ,,,,
,,,▁eye,,, - ,,,,
,,,liner,,, - ,,,,
,,,▁na,,, - ,,,,
,,,▁dumating,,, - ,,,,
,,,▁pw,O,,O - ,,,,
,,,ro,O,,O - ,,,,
,,,▁black,O,,O - ,,,,
,,,▁yaka,O,,O - ,,,,
,,,ga,O,,O - ,,,,
,,,▁in,O,,O - ,,,,
,,,order,O,,O - ,,,,
,,,▁ko,O,,O - ,,,,
,,,.,O,,O - ,,,,
28,"grabe naman to'h 2 liters order ko tapos dumating 1 liter lang. bibigay ko pa sana sa mama ko kaso pang grade 1. diko na masauli kase diko alam pano, dadalhin pa daw sa may j&t para masaoli ehh wala akong alam san yun . ","['▁grab', 'e', '▁naman', '▁to', ""'"", 'h', '▁2', '▁liter', 's', '▁order', '▁ko', '▁tapos', '▁dumating', '▁1', '▁liter', '▁lang', '.', '▁', 'bibigay', '▁ko', '▁pa', '▁sana', '▁sa', '▁mama', '▁ko', '▁kas', 'o', '▁pang', '▁grade', '▁1.', '▁di', 'ko', '▁na', '▁masa', 'uli', '▁kas', 'e', '▁di', 'ko', '▁alam', '▁pano', ',', '▁da', 'dal', 'hin', '▁pa', '▁daw', '▁sa', '▁may', '▁j', '&', 't', '▁para', '▁masa', 'oli', '▁e', 'hh', '▁wala', '▁akong', '▁alam', '▁san', '▁yun', '▁', '.']",▁grab,O,,O - ,,,,
,,,e,O,,O - ,,,,
,,,▁naman,O,,O - ,,,,
,,,▁to,O,,O - ,,,,
,,,"""""",O,,O - ,,,,
,,,h,O,,O - ,,,,
,,,▁2,,, - ,,,,
,,,▁liter,,, - ,,,,
,,,s,,, - ,,,,
,,,▁order,,, - ,,,,
,,,▁ko,,, - ,,,,
,,,▁tapos,,, - ,,,,
,,,▁dumating,,, - ,,,,
,,,▁1,,, - ,,,,
,,,▁liter,,, - ,,,,
,,,▁lang,,, - ,,,,
,,,.,O,,O - ,,,,
,,,▁,O,,O - ,,,,
,,,bibigay,O,,O - ,,,,
,,,▁ko,O,,O - ,,,,
,,,▁pa,O,,O - ,,,,
,,,▁sana,O,,O - ,,,,
,,,▁sa,O,,O - ,,,,
,,,▁mama,O,,O - ,,,,
,,,▁ko,O,,O - ,,,,
,,,▁kas,O,,O - ,,,,
,,,o,O,,O - ,,,,
,,,▁pang,O,,O - ,,,,
,,,▁grade,O,,O - ,,,,
,,,▁1.,O,,O - ,,,,
,,,▁di,O,,O - ,,,,
,,,ko,O,,O - ,,,,
,,,▁na,O,,O - ,,,,
,,,▁masa,O,,O - ,,,,
,,,uli,O,,O - ,,,,
,,,▁kas,O,,O - ,,,,
,,,e,O,,O - ,,,,
,,,▁di,O,,O - ,,,,
,,,ko,O,,O - ,,,,
,,,▁alam,O,,O - ,,,,
,,,▁pano,O,,O - ,,,,
,,,▁da,O,,O - ,,,,
,,,dal,O,,O - ,,,,
,,,hin,O,,O - ,,,,
,,,▁pa,O,,O - ,,,,
,,,▁daw,O,,O - ,,,,
,,,▁sa,O,,O - ,,,,
,,,▁may,O,,O - ,,,,
,,,▁j,O,,O - ,,,,
,,,&,O,,O - ,,,,
,,,t,O,,O - ,,,,
,,,▁para,O,,O - ,,,,
,,,▁masa,O,,O - ,,,,
,,,oli,O,,O - ,,,,
,,,▁e,O,,O - ,,,,
,,,hh,O,,O - ,,,,
,,,▁wala,O,,O - ,,,,
,,,▁akong,O,,O - ,,,,
,,,▁alam,O,,O - ,,,,
,,,▁san,O,,O - ,,,,
,,,▁yun,O,,O - ,,,,
,,,▁,O,,O - ,,,,
,,,.,O,,O - ,,,,
29,di nasunod yung ibang color na inorder ko pero oks lng good quality nmn,"['▁di', '▁na', 'sunod', '▁yung', '▁ibang', '▁color', '▁na', '▁in', 'order', '▁ko', '▁pero', '▁ok', 's', '▁l', 'ng', '▁good', '▁quality', '▁n', 'mn']",▁di,,, - ,,,,
,,,▁na,,, - ,,,,
,,,sunod,,, - ,,,,
,,,▁yung,,, - ,,,,
,,,▁ibang,,, - ,,,,
,,,▁color,,, - ,,,,
,,,▁na,,, - ,,,,
,,,▁in,,, - ,,,,
,,,order,,, - ,,,,
,,,▁ko,,, - ,,,,
,,,▁pero,O,,O - ,,,,
,,,▁ok,O,,O - ,,,,
,,,s,O,,O - ,,,,
,,,▁l,O,,O - ,,,,
,,,ng,O,,O - ,,,,
,,,▁good,B,PRO#GEN,B - PRO#GEN,"Product, General",,,
,,,▁quality,I,PRO#GEN,I - PRO#GEN,"Product, General",,,
,,,▁n,O,,O - ,,,,
,,,mn,O,,O - ,,,,
30,nung pagkabukas ko package yung keyboard is nakabukaka (slightly open) kala ko sira na. fast delivery naman.,"['▁nung', '▁pagka', 'buka', 's', '▁ko', '▁package', '▁yung', '▁keyboard', '▁is', '▁naka', 'buka', 'ka', '▁(', 's', 'light', 'ly', '▁open', ')', '▁kala', '▁ko', '▁sira', '▁na', '.', '▁fast', '▁delivery', '▁naman', '.']",▁nung,O,,O - ,,,,
,,,▁pagka,,, - ,,,,
,,,buka,,, - ,,,,
,,,s,,, - ,,,,
,,,▁ko,,, - ,,,,
,,,▁package,,, - ,,,,
,,,▁yung,,, - ,,,,
,,,▁keyboard,,, - ,,,,
,,,▁is,,, - ,,,,
,,,▁naka,,, - ,,,,
,,,buka,,, - ,,,,
,,,ka,,, - ,,,,
,,,▁(,,, - ,,,,
,,,s,,, - ,,,,
,,,light,,, - ,,,,
,,,ly,,, - ,,,,
,,,▁open,,, - ,,,,
,,,),O,,O - ,,,,
,,,▁kala,O,,O - ,,,,
,,,▁ko,O,,O - ,,,,
,,,▁sira,,, - ,,,,
,,,▁na,O,,O - ,,,,
,,,.,O,,O - ,,,,
,,,▁fast,B,DEL#TIME,B - DEL#TIME,"Delivery, Timeliness",,,
,,,▁delivery,I,DEL#TIME,I - DEL#TIME,"Delivery, Timeliness",,,
,,,▁naman,,, - ,,,,
,,,.,O,,O - ,,,,
31,"ang dali ra masira oy. at first madali gamitin, ngayon ay di na nakakaputol ng hair. na s-stuck na sya. yun lang. thanks","['▁ang', '▁dali', '▁ra', '▁mas', 'ira', '▁oy', '.', '▁at', '▁first', '▁mada', 'li', '▁gamitin', ',', '▁ngayon', '▁ay', '▁di', '▁na', '▁nakaka', 'put', 'ol', '▁ng', '▁hair', '.', '▁na', '▁s', '-', 'stu', 'ck', '▁na', '▁sya', '.', '▁yun', '▁lang', '.', '▁thanks']",▁ang,,, - ,,,,
,,,▁dali,,, - ,,,,
,,,▁ra,,, - ,,,,
,,,▁mas,,, - ,,,,
,,,ira,,, - ,,,,
,,,▁oy,O,,O - ,,,,
,,,.,O,,O - ,,,,
,,,▁at,,, - ,,,,
,,,▁first,,, - ,,,,
,,,▁mada,,, - ,,,,
,,,li,,, - ,,,,
,,,▁gamitin,,, - ,,,,
,,,▁ngayon,O,,O - ,,,,
,,,▁ay,O,,O - ,,,,
,,,▁di,,, - ,,,,
,,,▁na,,, - ,,,,
,,,▁nakaka,,, - ,,,,
,,,put,,, - ,,,,
,,,ol,,, - ,,,,
,,,▁ng,,, - ,,,,
,,,▁hair,,, - ,,,,
,,,.,O,,O - ,,,,
,,,▁na,,, - ,,,,
,,,▁s,,, - ,,,,
,,,-,,, - ,,,,
,,,stu,,, - ,,,,
,,,ck,,, - ,,,,
,,,▁na,,, - ,,,,
,,,▁sya,,, - ,,,,
,,,.,O,,O - ,,,,
,,,▁yun,O,,O - ,,,,
,,,▁lang,O,,O - ,,,,
,,,.,O,,O - ,,,,
,,,▁thanks,,, - ,,,,
32,wala seller service is excellent. delivery was immidiate. the product itself is poor. very very weak airflow almost cant feel it. hindi man lang ma ihip yung buhok ng aso,"['▁wala', '▁selle', 'r', '▁service', '▁is', '▁excellent', '.', '▁delivery', '▁was', '▁im', 'midi', 'ate', '.', '▁the', '▁product', '▁itself', '▁is', '▁poor', '.', '▁very', '▁very', '▁we', 'ak', '▁air', 'flow', '▁almost', '▁cant', '▁feel', '▁it', '.', '▁hindi', '▁man', '▁lang', '▁ma', '▁i', 'hip', '▁yung', '▁buhok', '▁ng', '▁as', 'o']",▁wala,O,,O - ,,,,
,,,▁selle,,, - ,,,,
,,,r,,, - ,,,,
,,,▁service,,, - ,,,,
,,,▁is,I,SER#GEN,I - SER#GEN,"Service, General",,,
,,,▁excellent,I,SER#GEN,I - SER#GEN,"Service, General",,,
,,,.,O,,O - ,,,,
,,,▁delivery,B,DEL#TIME,B - DEL#TIME,"Delivery, Timeliness",,,
,,,▁was,I,DEL#TIME,I - DEL#TIME,"Delivery, Timeliness",,,
,,,▁im,I,DEL#TIME,I - DEL#TIME,"Delivery, Timeliness",,,
,,,midi,I,DEL#TIME,I - DEL#TIME,"Delivery, Timeliness",,,
,,,ate,I,DEL#TIME,I - DEL#TIME,"Delivery, Timeliness",,,
,,,.,O,,O - ,,,,
,,,▁the,,, - ,,,,
,,,▁product,,, - ,,,,
,,,▁itself,I,PRO#GEN,I - PRO#GEN,"Product, General",,,
,,,▁is,I,PRO#GEN,I - PRO#GEN,"Product, General",,,
,,,▁poor,I,PRO#GEN,I - PRO#GEN,"Product, General",,,
,,,.,O,,O - ,,,,
,,,▁very,O,,O - ,,,,
,,,▁very,,, - ,,,,
,,,▁we,,, - ,,,,
,,,ak,,, - ,,,,
,,,▁air,,, - ,,,,
,,,flow,,, - ,,,,
,,,▁almost,O,,O - ,,,,
,,,▁cant,O,,O - ,,,,
,,,▁feel,O,,O - ,,,,
,,,▁it,O,,O - ,,,,
,,,.,O,,O - ,,,,
,,,▁hindi,O,,O - ,,,,
,,,▁man,O,,O - ,,,,
,,,▁lang,O,,O - ,,,,
,,,▁ma,O,,O - ,,,,
,,,▁i,O,,O - ,,,,
,,,hip,O,,O - ,,,,
,,,▁yung,O,,O - ,,,,
,,,▁buhok,O,,O - ,,,,
,,,▁ng,O,,O - ,,,,
,,,▁as,O,,O - ,,,,
,,,o,O,,O - ,,,,
33,"change feedback, mag isa syang nag aactivate nang timer kagabi, parang sira","['▁change', '▁feedback', ',', '▁mag', '▁isa', '▁s', 'yang', '▁nag', '▁a', 'activa', 'te', '▁nang', '▁timer', '▁kaga', 'bi', ',', '▁parang', '▁sira']",▁change,O,,O - ,,,,
,,,▁feedback,O,,O - ,,,,
,,,▁mag,,, - ,,,,
,,,▁isa,,, - ,,,,
,,,▁s,,, - ,,,,
,,,yang,,, - ,,,,
,,,▁nag,,, - ,,,,
,,,▁a,,, - ,,,,
,,,activa,,, - ,,,,
,,,te,,, - ,,,,
,,,▁nang,,, - ,,,,
,,,▁timer,,, - ,,,,
,,,▁kaga,O,,O - ,,,,
,,,bi,O,,O - ,,,,
,,,▁parang,,, - ,,,,
,,,▁sira,,, - ,,,,
34,"dalawa yung binili ko, isa sakin tsaka sa friend ko. first of all, kaunti lang yung laman nung isa, habang medyo mas lamang yung sa isa. about sa color, maroon yung sa tingin kong dapat maging kakalabasan niya pero violet yung kulay niya kapag nilagay na sa labi. also, kulang","['▁dalawa', '▁yung', '▁bin', 'ili', '▁ko', ',', '▁isa', '▁sakin', '▁', 'tsaka', '▁sa', '▁friend', '▁ko', '.', '▁first', '▁of', '▁all', ',', '▁ka', 'unti', '▁lang', '▁yung', '▁laman', '▁nung', '▁isa', ',', '▁habang', '▁med', 'yo', '▁mas', '▁lamang', '▁yung', '▁sa', '▁isa', '.', '▁about', '▁sa', '▁color', ',', '▁maro', 'on', '▁yung', '▁sa', '▁tingin', '▁kong', '▁dapat', '▁maging', '▁kaka', 'labas', 'an', '▁niya', '▁pero', '▁violet', '▁yung', '▁kulay', '▁niya', '▁kapag', '▁ni', 'lagay', '▁na', '▁sa', '▁labi', '.', '▁also', ',', '▁ku', 'lang']",▁dalawa,O,,O - ,,,,
,,,▁yung,O,,O - ,,,,
,,,▁bin,O,,O - ,,,,
,,,ili,O,,O - ,,,,
,,,▁ko,O,,O - ,,,,
,,,▁isa,O,,O - ,,,,
,,,▁sakin,O,,O - ,,,,
,,,▁,O,,O - ,,,,
,,,tsaka,O,,O - ,,,,
,,,▁sa,O,,O - ,,,,
,,,▁friend,O,,O - ,,,,
,,,▁ko,O,,O - ,,,,
,,,.,O,,O - ,,,,
,,,▁first,O,,O - ,,,,
,,,▁of,O,,O - ,,,,
,,,▁all,O,,O - ,,,,
,,,▁ka,,, - ,,,,
,,,unti,,, - ,,,,
,,,▁lang,,, - ,,,,
,,,▁yung,,, - ,,,,
,,,▁laman,,, - ,,,,
,,,▁nung,,, - ,,,,
,,,▁isa,,, - ,,,,
,,,▁habang,,, - ,,,,
,,,▁med,,, - ,,,,
,,,yo,,, - ,,,,
,,,▁mas,,, - ,,,,
,,,▁lamang,,, - ,,,,
,,,▁yung,,, - ,,,,
,,,▁sa,,, - ,,,,
,,,▁isa,,, - ,,,,
,,,.,O,,O - ,,,,
,,,▁about,O,,O - ,,,,
,,,▁sa,O,,O - ,,,,
,,,▁color,B,PRO#COL,B - PRO#COL,"Product, Color",,,
,,,▁maro,,, - ,,,,
,,,on,I,PRO#COL,I - PRO#COL,"Product, Color",,,
,,,▁yung,O,,O - ,,,,
,,,▁sa,O,,O - ,,,,
,,,▁tingin,O,,O - ,,,,
,,,▁kong,O,,O - ,,,,
,,,▁dapat,O,,O - ,,,,
,,,▁maging,O,,O - ,,,,
,,,▁kaka,O,,O - ,,,,
,,,labas,O,,O - ,,,,
,,,an,O,,O - ,,,,
,,,▁niya,O,,O - ,,,,
,,,▁pero,O,,O - ,,,,
,,,▁violet,B,PRO#COL,B - PRO#COL,"Product, Color",,,
,,,▁yung,,, - ,,,,
,,,▁kulay,,, - ,,,,
,,,▁niya,O,,O - ,,,,
,,,▁kapag,O,,O - ,,,,
,,,▁ni,O,,O - ,,,,
,,,lagay,O,,O - ,,,,
,,,▁na,O,,O - ,,,,
,,,▁sa,O,,O - ,,,,
,,,▁labi,O,,O - ,,,,
,,,.,O,,O - ,,,,
,,,▁also,O,,O - ,,,,
,,,▁ku,,, - ,,,,
,,,lang,,, - ,,,,
35,ok na sana pero hindi 10 meters 6 meters lang saan ang 4 meters kada isang roll magpa katotoo naman sa post niyo,"['▁ok', '▁na', '▁sana', '▁pero', '▁hindi', '▁10', '▁meter', 's', '▁6', '▁meter', 's', '▁lang', '▁saan', '▁ang', '▁4', '▁meter', 's', '▁kada', '▁isang', '▁roll', '▁magpa', '▁kato', 'too', '▁naman', '▁sa', '▁post', '▁niyo']",▁ok,O,,O - ,,,,
,,,▁na,O,,O - ,,,,
,,,▁sana,O,,O - ,,,,
,,,▁pero,O,,O - ,,,,
,,,▁hindi,,, - ,,,,
,,,▁10,,, - ,,,,
,,,▁meter,,, - ,,,,
,,,s,,, - ,,,,
,,,▁6,,, - ,,,,
,,,▁meter,,, - ,,,,
,,,s,,, - ,,,,
,,,▁lang,,, - ,,,,
,,,▁saan,,, - ,,,,
,,,▁ang,,, - ,,,,
,,,▁4,,, - ,,,,
,,,▁meter,,, - ,,,,
,,,s,,, - ,,,,
,,,▁kada,O,,O - ,,,,
,,,▁isang,O,,O - ,,,,
,,,▁roll,O,,O - ,,,,
,,,▁magpa,,, - ,,,,
,,,▁kato,,, - ,,,,
,,,too,,, - ,,,,
,,,▁naman,,, - ,,,,
,,,▁sa,,, - ,,,,
,,,▁post,,, - ,,,,
,,,▁niyo,,, - ,,,,
36,amoy plastic amputa tagal ko inorder now lang dumating. amoy plastic pa huhu why,"['▁amo', 'y', '▁plastic', '▁am', 'puta', '▁ta', 'gal', '▁ko', '▁in', 'order', '▁now', '▁lang', '▁dumating', '.', '▁amo', 'y', '▁plastic', '▁pa', '▁', 'huhu', '▁why']",▁amo,,, - ,,,,
,,,y,,, - ,,,,
,,,▁plastic,,, - ,,,,
,,,▁am,,, - ,,,,
,,,puta,,, - ,,,,
,,,▁ta,,, - ,,,,
,,,gal,,, - ,,,,
,,,▁ko,,, - ,,,,
,,,▁in,,, - ,,,,
,,,order,,, - ,,,,
,,,▁now,,, - ,,,,
,,,▁lang,,, - ,,,,
,,,▁dumating,,, - ,,,,
,,,.,O,,O - ,,,,
,,,▁amo,,, - ,,,,
,,,y,,, - ,,,,
,,,▁plastic,,, - ,,,,
,,,▁pa,,, - ,,,,
,,,▁,O,,O - ,,,,
,,,huhu,,, - ,,,,
,,,▁why,,, - ,,,,
37,"not good/ not satisfied omg! sa quality nya para sakin hindi okay akala ko yung na sstrech talaga sya e hindi naman pala. sa picture at live na nagbebenta goods sya in person hindi na pala pero thats business, sobrang nanghinayang ako","['▁not', '▁good', '/', '▁not', '▁satisfied', '▁om', 'g', '!', '▁sa', '▁quality', '▁nya', '▁para', '▁sakin', '▁hindi', '▁okay', '▁a', 'kala', '▁ko', '▁yung', '▁na', '▁s', 'stre', 'ch', '▁talaga', '▁sya', '▁e', '▁hindi', '▁naman', '▁pala', '.', '▁sa', '▁picture', '▁at', '▁live', '▁na', '▁nag', 'be', 'ben', 'ta', '▁good', 's', '▁sya', '▁in', '▁person', '▁hindi', '▁na', '▁pala', '▁pero', '▁that', 's', '▁business', ',', '▁sobrang', '▁nang', 'hina', 'yang', '▁ako']",▁not,,, - ,,,,
,,,▁good,,, - ,,,,
,,,/,O,,O - ,,,,
,,,▁not,B,SAT#GEN,B - SAT#GEN,,,,
,,,▁satisfied,I,SAT#GEN,I - SAT#GEN,,,,
,,,▁om,,, - ,,,,
,,,g,,, - ,,,,
,,,!,,, - ,,,,
,,,▁sa,O,,O - ,,,,
,,,▁quality,B,PRO#GEN,B - PRO#GEN,"Product, General",,,
,,,▁nya,,, - ,,,,
,,,▁para,,, - ,,,,
,,,▁sakin,,, - ,,,,
,,,▁hindi,,, - ,,,,
,,,▁okay,,, - ,,,,
,,,▁a,O,,O - ,,,,
,,,kala,O,,O - ,,,,
,,,▁ko,O,,O - ,,,,
,,,▁yung,O,,O - ,,,,
,,,▁na,O,,O - ,,,,
,,,▁s,O,,O - ,,,,
,,,stre,O,,O - ,,,,
,,,ch,O,,O - ,,,,
,,,▁talaga,O,,O - ,,,,
,,,▁sya,O,,O - ,,,,
,,,▁e,O,,O - ,,,,
,,,▁hindi,O,,O - ,,,,
,,,▁naman,O,,O - ,,,,
,,,▁pala,O,,O - ,,,,
,,,.,O,,O - ,,,,
,,,▁sa,O,,O - ,,,,
,,,▁picture,O,,O - ,,,,
,,,▁at,O,,O - ,,,,
,,,▁live,O,,O - ,,,,
,,,▁na,O,,O - ,,,,
,,,▁nag,O,,O - ,,,,
,,,be,O,,O - ,,,,
,,,ben,O,,O - ,,,,
,,,ta,O,,O - ,,,,
,,,▁good,,, - ,,,,
,,,s,,, - ,,,,
,,,▁sya,,, - ,,,,
,,,▁in,,, - ,,,,
,,,▁person,,, - ,,,,
,,,▁hindi,O,,O - ,,,,
,,,▁na,O,,O - ,,,,
,,,▁pala,O,,O - ,,,,
,,,▁pero,O,,O - ,,,,
,,,▁that,O,,O - ,,,,
,,,s,O,,O - ,,,,
,,,▁business,O,,O - ,,,,
,,,▁sobrang,,, - ,,,,
,,,▁nang,,, - ,,,,
,,,hina,I,SAT#EMO,I - SAT#EMO,,,,
,,,yang,I,SAT#EMO,I - SAT#EMO,,,,
,,,▁ako,,, - ,,,,
38,actually kala ko 10meters pro 6meters lang ng sinukat ko,"['▁actually', '▁kala', '▁ko', '▁10', 'meter', 's', '▁pro', '▁6', 'meter', 's', '▁lang', '▁ng', '▁sin', 'ukat', '▁ko']",▁actually,O,,O - ,,,,
,,,▁kala,O,,O - ,,,,
,,,▁ko,O,,O - ,,,,
,,,▁10,,, - ,,,,
,,,meter,,, - ,,,,
,,,s,,, - ,,,,
,,,▁pro,,, - ,,,,
,,,▁6,,, - ,,,,
,,,meter,,, - ,,,,
,,,s,,, - ,,,,
,,,▁lang,,, - ,,,,
,,,▁ng,O,,O - ,,,,
,,,▁sin,O,,O - ,,,,
,,,ukat,O,,O - ,,,,
,,,▁ko,O,,O - ,,,,
39,subrang tagal e ship. nag order ako ng 9 9 ngayon ko palang na receive 9/24 mag 1 month bago ko marecive ang item ang pangit ng service di responsible si seller .,"['▁sub', 'rang', '▁ta', 'gal', '▁e', '▁ship', '.', '▁nag', '▁order', '▁ako', '▁ng', '▁9', '▁9', '▁ngayon', '▁ko', '▁pa', 'lang', '▁na', '▁receive', '▁9', '/24', '▁mag', '▁1', '▁month', '▁bago', '▁ko', '▁mare', 'ci', 've', '▁ang', '▁item', '▁ang', '▁pang', 'it', '▁ng', '▁service', '▁di', '▁responsible', '▁si', '▁selle', 'r', '▁', '.']",▁sub,,, - ,,,,
,,,rang,,, - ,,,,
,,,▁ta,,, - ,,,,
,,,gal,I,DEL#TIME,I - DEL#TIME,"Delivery, Timeliness",,,
,,,▁e,I,DEL#TIME,I - DEL#TIME,"Delivery, Timeliness",,,
,,,▁ship,I,DEL#TIME,I - DEL#TIME,"Delivery, Timeliness",,,
,,,.,O,,O - ,,,,
,,,▁nag,O,,O - ,,,,
,,,▁order,O,,O - ,,,,
,,,▁ako,O,,O - ,,,,
,,,▁ng,O,,O - ,,,,
,,,▁9,O,,O - ,,,,
,,,▁9,O,,O - ,,,,
,,,▁ngayon,,, - ,,,,
,,,▁ko,,, - ,,,,
,,,▁pa,,, - ,,,,
,,,lang,,, - ,,,,
,,,▁na,,, - ,,,,
,,,▁receive,,, - ,,,,
,,,▁9,O,,O - ,,,,
,,,/24,O,,O - ,,,,
,,,▁mag,,, - ,,,,
,,,▁1,,, - ,,,,
,,,▁month,I,DEL#TIME,I - DEL#TIME,"Delivery, Timeliness",,,
,,,▁bago,I,DEL#TIME,I - DEL#TIME,"Delivery, Timeliness",,,
,,,▁ko,I,DEL#TIME,I - DEL#TIME,"Delivery, Timeliness",,,
,,,▁mare,I,DEL#TIME,I - DEL#TIME,"Delivery, Timeliness",,,
,,,ci,I,DEL#TIME,I - DEL#TIME,"Delivery, Timeliness",,,
,,,ve,I,DEL#TIME,I - DEL#TIME,"Delivery, Timeliness",,,
,,,▁ang,,, - ,,,,
,,,▁item,,, - ,,,,
,,,▁ang,O,,O - ,,,,
,,,▁pang,,, - ,,,,
,,,it,,, - ,,,,
,,,▁ng,,, - ,,,,
,,,▁service,,, - ,,,,
,,,▁di,,, - ,,,,
,,,▁responsible,,, - ,,,,
,,,▁si,,, - ,,,,
,,,▁selle,,, - ,,,,
,,,r,,, - ,,,,
,,,▁,O,,O - ,,,,
,,,.,O,,O - ,,,,
40,oil based kadisappoint lang yung cloud ksi parang iba yung amoy antapang may pag kalalake rin siyang scent which is not the same sa usual na binibili ko then amoy na amoy talaga yung alchohol sa bawat perfume pero i guess it’s worth the price mura lng naman kaya ok,"['▁oil', '▁based', '▁kad', 'is', 'appoint', '▁lang', '▁yung', '▁cloud', '▁', 'ksi', '▁parang', '▁iba', '▁yung', '▁amo', 'y', '▁anta', 'pang', '▁may', '▁pag', '▁kala', 'la', 'ke', '▁rin', '▁siyang', '▁scen', 't', '▁which', '▁is', '▁not', '▁the', '▁same', '▁sa', '▁usual', '▁na', '▁bin', 'ibili', '▁ko', '▁then', '▁amo', 'y', '▁na', '▁amo', 'y', '▁talaga', '▁yung', '▁al', 'cho', 'hol', '▁sa', '▁bawat', '▁perfume', '▁pero', '▁i', '▁guess', '▁it', '’', 's', '▁worth', '▁the', '▁price', '▁mura', '▁l', 'ng', '▁naman', '▁kaya', '▁ok']",▁oil,O,,O - ,,,,
,,,▁based,O,,O - ,,,,
,,,▁kad,B,SAT#EMO,B - SAT#EMO,,,,
,,,is,I,SAT#EMO,I - SAT#EMO,,,,
,,,appoint,I,SAT#EMO,I - SAT#EMO,,,,
,,,▁lang,O,,O - ,,,,
,,,▁yung,,, - ,,,,
,,,▁cloud,,, - ,,,,
,,,▁,,, - ,,,,
,,,ksi,,, - ,,,,
,,,▁parang,,, - ,,,,
,,,▁iba,,, - ,,,,
,,,▁yung,,, - ,,,,
,,,▁amo,,, - ,,,,
,,,y,,, - ,,,,
,,,▁anta,,, - ,,,,
,,,pang,,, - ,,,,
,,,▁may,,, - ,,,,
,,,▁pag,,, - ,,,,
,,,▁kala,,, - ,,,,
,,,la,,, - ,,,,
,,,ke,,, - ,,,,
,,,▁rin,,, - ,,,,
,,,▁siyang,,, - ,,,,
,,,▁scen,,, - ,,,,
,,,t,,, - ,,,,
,,,▁which,O,,O - ,,,,
,,,▁is,O,,O - ,,,,
,,,▁not,,, - ,,,,
,,,▁the,,, - ,,,,
,,,▁same,,, - ,,,,
,,,▁sa,,, - ,,,,
,,,▁usual,,, - ,,,,
,,,▁na,,, - ,,,,
,,,▁bin,,, - ,,,,
,,,ibili,,, - ,,,,
,,,▁ko,,, - ,,,,
,,,▁then,O,,O - ,,,,
,,,▁amo,,, - ,,,,
,,,y,,, - ,,,,
,,,▁na,,, - ,,,,
,,,▁amo,,, - ,,,,
,,,y,,, - ,,,,
,,,▁talaga,,, - ,,,,
,,,▁yung,,, - ,,,,
,,,▁al,,, - ,,,,
,,,cho,,, - ,,,,
,,,hol,,, - ,,,,
,,,▁sa,O,,O - ,,,,
,,,▁bawat,O,,O - ,,,,
,,,▁perfume,O,,O - ,,,,
,,,▁pero,O,,O - ,,,,
,,,▁i,O,,O - ,,,,
,,,▁guess,O,,O - ,,,,
,,,▁it,O,,O - ,,,,
,,,’,O,,O - ,,,,
,,,s,O,,O - ,,,,
,,,▁worth,B,PRI#VOM,B - PRI#VOM,"Price, Value for Money",,,
,,,▁the,I,PRI#VOM,I - PRI#VOM,"Price, Value for Money",,,
,,,▁price,I,PRI#VOM,I - PRI#VOM,"Price, Value for Money",,,
,,,▁mura,,, - ,,,,
,,,▁l,,, - ,,,,
,,,ng,,, - ,,,,
,,,▁naman,,, - ,,,,
,,,▁kaya,,, - ,,,,
,,,▁ok,,, - ,,,,
41,"late dumating ung parcel and sira ung product,hnd gmagana,,on lng tpos wla na","['▁late', '▁dumating', '▁ung', '▁parcel', '▁and', '▁sira', '▁ung', '▁product', ',', 'h', 'nd', '▁g', 'magan', 'a', ',', ',', 'on', '▁l', 'ng', '▁t', 'pos', '▁w', 'la', '▁na']",▁late,B,DEL#TIME,B - DEL#TIME,"Delivery, Timeliness",,,
,,,▁dumating,I,DEL#TIME,I - DEL#TIME,"Delivery, Timeliness",,,
,,,▁ung,,, - ,,,,
,,,▁parcel,,, - ,,,,
,,,▁and,O,,O - ,,,,
,,,▁sira,,, - ,,,,
,,,▁ung,,, - ,,,,
,,,▁product,,, - ,,,,
,,,h,,, - ,,,,
,,,nd,,, - ,,,,
,,,▁g,,, - ,,,,
,,,magan,,, - ,,,,
,,,a,,, - ,,,,
,,,on,,, - ,,,,
,,,▁l,,, - ,,,,
,,,ng,,, - ,,,,
,,,▁t,,, - ,,,,
,,,pos,,, - ,,,,
,,,▁w,,, - ,,,,
,,,la,,, - ,,,,
,,,▁na,,, - ,,,,
42,i don't think nsa 10meters ito .lukot pa,"['▁i', '▁don', ""'"", 't', '▁think', '▁', 'nsa', '▁10', 'meter', 's', '▁ito', '▁', '.', 'luk', 'ot', '▁pa']",▁i,O,,O - ,,,,
,,,▁don,O,,O - ,,,,
,,,"""""",O,,O - ,,,,
,,,t,O,,O - ,,,,
,,,▁think,O,,O - ,,,,
,,,▁,O,,O - ,,,,
,,,nsa,O,,O - ,,,,
,,,▁10,O,,O - ,,,,
,,,meter,O,,O - ,,,,
,,,s,O,,O - ,,,,
,,,▁ito,O,,O - ,,,,
,,,▁,O,,O - ,,,,
,,,.,O,,O - ,,,,
,,,luk,,, - ,,,,
,,,ot,,, - ,,,,
,,,▁pa,O,,O - ,,,,
43,"hindi ko nagustuhan yung amoy. i already received my parcel pero nung pag ka open ko, may leak and hindi ko nagustuhan yung amoy, nakakasuka yung amoy. this is my first time to buy a product in this shop and i expect too much. nakakadismaya.","['▁hindi', '▁ko', '▁nagu', 's', 'tuhan', '▁yung', '▁amo', 'y', '.', '▁i', '▁already', '▁received', '▁my', '▁parcel', '▁pero', '▁nung', '▁pag', '▁ka', '▁open', '▁ko', ',', '▁may', '▁le', 'ak', '▁and', '▁hindi', '▁ko', '▁nagu', 's', 'tuhan', '▁yung', '▁amo', 'y', ',', '▁nakaka', 'suka', '▁yung', '▁amo', 'y', '.', '▁this', '▁is', '▁my', '▁first', '▁time', '▁to', '▁buy', '▁a', '▁product', '▁in', '▁this', '▁shop', '▁and', '▁i', '▁expect', '▁too', '▁much', '.', '▁nakaka', 'dis', 'maya', '.']",▁hindi,,, - ,,,,
,,,▁ko,,, - ,,,,
,,,▁nagu,,, - ,,,,
,,,s,,, - ,,,,
,,,tuhan,,, - ,,,,
,,,▁yung,,, - ,,,,
,,,▁amo,,, - ,,,,
,,,y,,, - ,,,,
,,,.,O,,O - ,,,,
,,,▁i,O,,O - ,,,,
,,,▁already,,, - ,,,,
,,,▁received,,, - ,,,,
,,,▁my,,, - ,,,,
,,,▁parcel,,, - ,,,,
,,,▁pero,,, - ,,,,
,,,▁nung,,, - ,,,,
,,,▁pag,,, - ,,,,
,,,▁ka,,, - ,,,,
,,,▁open,,, - ,,,,
,,,▁ko,,, - ,,,,
,,,▁may,,, - ,,,,
,,,▁le,,, - ,,,,
,,,ak,,, - ,,,,
,,,▁and,O,,O - ,,,,
,,,▁hindi,O,,O - ,,,,
,,,▁ko,O,,O - ,,,,
,,,▁nagu,O,,O - ,,,,
,,,s,O,,O - ,,,,
,,,tuhan,O,,O - ,,,,
,,,▁yung,O,,O - ,,,,
,,,▁amo,,, - ,,,,
,,,y,,, - ,,,,
,,,▁nakaka,,, - ,,,,
,,,suka,,, - ,,,,
,,,▁yung,,, - ,,,,
,,,▁amo,,, - ,,,,
,,,y,,, - ,,,,
,,,.,O,,O - ,,,,
,,,▁this,O,,O - ,,,,
,,,▁is,O,,O - ,,,,
,,,▁my,O,,O - ,,,,
,,,▁first,O,,O - ,,,,
,,,▁time,O,,O - ,,,,
,,,▁to,O,,O - ,,,,
,,,▁buy,O,,O - ,,,,
,,,▁a,O,,O - ,,,,
,,,▁product,O,,O - ,,,,
,,,▁in,O,,O - ,,,,
,,,▁this,O,,O - ,,,,
,,,▁shop,O,,O - ,,,,
,,,▁and,O,,O - ,,,,
,,,▁i,O,,O - ,,,,
,,,▁expect,O,,O - ,,,,
,,,▁too,O,,O - ,,,,
,,,▁much,O,,O - ,,,,
,,,.,O,,O - ,,,,
,,,▁nakaka,B,SAT#EMO,B - SAT#EMO,,,,
,,,dis,I,SAT#EMO,I - SAT#EMO,,,,
,,,maya,I,SAT#EMO,I - SAT#EMO,,,,
,,,.,O,,O - ,,,,
44,"not original pala ehe. masikip yung isa, di stretchable kaya sobrang liit. pero ok naman ang iba","['▁not', '▁original', '▁pala', '▁e', 'he', '.', '▁mas', 'iki', 'p', '▁yung', '▁isa', ',', '▁di', '▁stretch', 'able', '▁kaya', '▁sobrang', '▁liit', '.', '▁pero', '▁ok', '▁naman', '▁ang', '▁iba']",▁not,,, - ,,,,
,,,▁original,,, - ,,,,
,,,▁pala,O,,O - ,,,,
,,,▁e,O,,O - ,,,,
,,,he,O,,O - ,,,,
,,,.,O,,O - ,,,,
,,,▁mas,,, - ,,,,
,,,iki,,, - ,,,,
,,,p,,, - ,,,,
,,,▁yung,O,,O - ,,,,
,,,▁isa,O,,O - ,,,,
,,,▁di,,, - ,,,,
,,,▁stretch,,, - ,,,,
,,,able,,, - ,,,,
,,,▁kaya,O,,O - ,,,,
,,,▁sobrang,,, - ,,,,
,,,▁liit,,, - ,,,,
,,,.,O,,O - ,,,,
,,,▁pero,O,,O - ,,,,
,,,▁ok,,, - ,,,,
,,,▁naman,,, - ,,,,
,,,▁ang,,, - ,,,,
,,,▁iba,,, - ,,,,
45,"wala pa jusko lorddd, unang bili ko sa cloud tester muna grabe doon sobrang bango talaga as in! tas nung malaki na ung binili ko mapapamura ka talaga tangina bakit amoy sabon? sobrang layo sa tester nung amoy jusko namann, nagbabayad naman ng maayos jusko nakakaumay ung amoy. ","['▁wala', '▁pa', '▁ju', 'sko', '▁lor', 'd', 'dd', ',', '▁unang', '▁bili', '▁ko', '▁sa', '▁cloud', '▁tester', '▁muna', '▁grab', 'e', '▁doon', '▁sobrang', '▁bang', 'o', '▁talaga', '▁as', '▁in', '!', '▁tas', '▁nung', '▁malaki', '▁na', '▁ung', '▁bin', 'ili', '▁ko', '▁ma', 'papa', 'mura', '▁ka', '▁talaga', '▁tang', 'ina', '▁bakit', '▁amo', 'y', '▁sabon', '?', '▁sobrang', '▁la', 'yo', '▁sa', '▁tester', '▁nung', '▁amo', 'y', '▁ju', 'sko', '▁naman', 'n', ',', '▁nag', 'baba', 'yad', '▁naman', '▁ng', '▁maayos', '▁ju', 'sko', '▁nakaka', 'uma', 'y', '▁ung', '▁amo', 'y', '.']",▁wala,O,,O - ,,,,
,,,▁pa,O,,O - ,,,,
,,,▁ju,O,,O - ,,,,
,,,sko,O,,O - ,,,,
,,,▁lor,O,,O - ,,,,
,,,d,O,,O - ,,,,
,,,dd,O,,O - ,,,,
,,,▁unang,O,,O - ,,,,
,,,▁bili,O,,O - ,,,,
,,,▁ko,O,,O - ,,,,
,,,▁sa,O,,O - ,,,,
,,,▁cloud,O,,O - ,,,,
,,,▁tester,O,,O - ,,,,
,,,▁muna,O,,O - ,,,,
,,,▁grab,O,,O - ,,,,
,,,e,O,,O - ,,,,
,,,▁doon,O,,O - ,,,,
,,,▁sobrang,,, - ,,,,
,,,▁bang,,, - ,,,,
,,,o,I,PRO#SENS,I - PRO#SENS,"Product, Sensory",,,
,,,▁talaga,,, - ,,,,
,,,▁as,O,,O - ,,,,
,,,▁in,O,,O - ,,,,
,,,!,O,,O - ,,,,
,,,▁tas,O,,O - ,,,,
,,,▁nung,O,,O - ,,,,
,,,▁malaki,,, - ,,,,
,,,▁na,O,,O - ,,,,
,,,▁ung,O,,O - ,,,,
,,,▁bin,O,,O - ,,,,
,,,ili,O,,O - ,,,,
,,,▁ko,O,,O - ,,,,
,,,▁ma,O,,O - ,,SAT#EMO,SAT#EMO,
,,,papa,O,,O - ,,SAT#EMO,SAT#EMO,
,,,mura,O,,O - ,,SAT#EMO,SAT#EMO,
,,,▁ka,O,,O - ,,SAT#EMO,SAT#EMO,
,,,▁talaga,O,,O - ,,SAT#EMO,SAT#EMO,
,,,▁tang,O,,O - ,,SAT#EMO,SAT#EMO,
,,,ina,O,,O - ,,SAT#EMO,SAT#EMO,
,,,▁bakit,,, - ,,,,
,,,▁amo,,, - ,,,,
,,,y,I,PRO#SENS,I - PRO#SENS,"Product, Sensory",,,
,,,▁sabon,I,PRO#SENS,I - PRO#SENS,"Product, Sensory",,,
,,,?,,, - ,,,,
,,,▁sobrang,,, - ,,,,
,,,▁la,,, - ,,,,
,,,yo,,, - ,,,,
,,,▁sa,,, - ,,,,
,,,▁tester,,, - ,,,,
,,,▁nung,,, - ,,,,
,,,▁amo,,, - ,,,,
,,,y,,, - ,,,,
,,,▁ju,O,,O - ,,,,
,,,sko,O,,O - ,,,,
,,,▁naman,O,,O - ,,,,
,,,n,O,,O - ,,,,
,,,▁nag,O,,O - ,,,,
,,,baba,O,,O - ,,,,
,,,yad,O,,O - ,,,,
,,,▁naman,O,,O - ,,,,
,,,▁ng,O,,O - ,,,,
,,,▁maayos,O,,O - ,,,,
,,,▁ju,O,,O - ,,,,
,,,sko,O,,O - ,,,,
,,,▁nakaka,,, - ,,,,
,,,uma,,, - ,,,,
,,,y,,, - ,,,,
,,,▁ung,,, - ,,,,
,,,▁amo,,, - ,,,,
,,,y,,, - ,,,,
,,,.,O,,O - ,,,,
46,panget dito bumili pinapalitan yong order mo talaga kainis ng shop nato masyadong scam,"['▁pang', 'et', '▁dito', '▁bumili', '▁pinapa', 'li', 'tan', '▁', 'yong', '▁order', '▁mo', '▁talaga', '▁ka', 'inis', '▁ng', '▁shop', '▁nato', '▁masyadong', '▁scam']",▁pang,,, - ,,,,
,,,et,,, - ,,,,
,,,▁dito,,, - ,,,,
,,,▁bumili,,, - ,,,,
,,,▁pinapa,O,,O - ,,,,
,,,li,O,,O - ,,,,
,,,tan,O,,O - ,,,,
,,,▁,O,,O - ,,,,
,,,yong,O,,O - ,,,,
,,,▁order,O,,O - ,,,,
,,,▁mo,O,,O - ,,,,
,,,▁talaga,O,,O - ,,,,
,,,▁ka,B,SAT#EMO,B - SAT#EMO,,,,
,,,inis,I,SAT#EMO,I - SAT#EMO,,,,
,,,▁ng,,, - ,,,,
,,,▁shop,,, - ,,,,
,,,▁nato,O,,O - ,,,,
,,,▁masyadong,,, - ,,,,
,,,▁scam,,, - ,,,,
47,parang laruan yung glads niya. so dissapointed,"['▁parang', '▁la', 'ruan', '▁yung', '▁glad', 's', '▁niya', '.', '▁so', '▁di', 'ssa', 'point', 'ed']",▁parang,O,,O - ,,,,
,,,▁la,O,,O - ,,,,
,,,ruan,O,,O - ,,,,
,,,▁yung,O,,O - ,,,,
,,,▁glad,O,,O - ,,,,
,,,s,O,,O - ,,,,
,,,▁niya,O,,O - ,,,,
,,,.,O,,O - ,,,,
,,,▁so,,, - ,,,,
,,,▁di,,, - ,,,,
,,,ssa,I,SAT#EMO,I - SAT#EMO,,,,
,,,point,I,SAT#EMO,I - SAT#EMO,,,,
,,,ed,I,SAT#EMO,I - SAT#EMO,,,,
48,"di gumagana mic, sabog pa tunog, ang sabi ko bago ko i place order ko ay ipa double check yung product pero di nakinig","['▁di', '▁guma', 'gana', '▁mic', ',', '▁sa', 'bog', '▁pa', '▁tu', 'nog', ',', '▁ang', '▁sabi', '▁ko', '▁bago', '▁ko', '▁i', '▁place', '▁order', '▁ko', '▁ay', '▁i', 'pa', '▁double', '▁check', '▁yung', '▁product', '▁pero', '▁di', '▁nak', 'inig']",▁di,B,PRO#FUNC,B - PRO#FUNC,"Product, Functionality",,,
,,,▁guma,I,PRO#FUNC,I - PRO#FUNC,"Product, Functionality",,,
,,,gana,I,PRO#FUNC,I - PRO#FUNC,"Product, Functionality",,,
,,,▁mic,I,PRO#FUNC,I - PRO#FUNC,"Product, Functionality",,,
,,,▁sa,,, - ,,,,
,,,bog,,, - ,,,,
,,,▁pa,,, - ,,,,
,,,▁tu,,, - ,,,,
,,,nog,,, - ,,,,
,,,▁ang,O,,O - ,,,,
,,,▁sabi,O,,O - ,,,,
,,,▁ko,O,,O - ,,,,
,,,▁bago,,, - ,,,,
,,,▁ko,,, - ,,,,
,,,▁i,,, - ,,,,
,,,▁place,,, - ,,,,
,,,▁order,,, - ,,,,
,,,▁ko,,, - ,,,,
,,,▁ay,,, - ,,,,
,,,▁i,,, - ,,,,
,,,pa,,, - ,,,,
,,,▁double,,, - ,,,,
,,,▁check,,, - ,,,,
,,,▁yung,,, - ,,,,
,,,▁product,,, - ,,,,
,,,▁pero,O,,O - ,,,,
,,,▁di,,, - ,,,,
,,,▁nak,,, - ,,,,
,,,inig,,, - ,,,,
49,sira sya at may amoy na ung adoptor diko bet kase nasayang lng pera ko,"['▁sira', '▁sya', '▁at', '▁may', '▁amo', 'y', '▁na', '▁ung', '▁adopt', 'or', '▁di', 'ko', '▁bet', '▁kas', 'e', '▁na', 'sayang', '▁l', 'ng', '▁per', 'a', '▁ko']",▁sira,B,PRO#FUNC,B - PRO#FUNC,"Product, Functionality",,,
,,,▁sya,,, - ,,,,
,,,▁at,O,,O - ,,,,
,,,▁may,B,PRO#SENS,B - PRO#SENS,"Product, Sensory",,,
,,,▁amo,I,PRO#SENS,I - PRO#SENS,"Product, Sensory",,,
,,,y,I,PRO#SENS,I - PRO#SENS,"Product, Sensory",,,
,,,▁na,I,PRO#SENS,I - PRO#SENS,"Product, Sensory",,,
,,,▁ung,I,PRO#SENS,I - PRO#SENS,"Product, Sensory",,,
,,,▁adopt,I,PRO#SENS,I - PRO#SENS,"Product, Sensory",,,
,,,or,,, - ,,,,
,,,▁di,,, - ,,,,
,,,ko,,, - ,,,,
,,,▁bet,,, - ,,,,
,,,▁kas,O,,O - ,,,,
,,,e,O,,O - ,,,,
,,,▁na,B,PRI#VOM,B - PRI#VOM,"Price, Value for Money",,,
,,,sayang,I,PRI#VOM,I - PRI#VOM,"Price, Value for Money",,,
,,,▁l,I,PRI#VOM,I - PRI#VOM,"Price, Value for Money",,,
,,,ng,I,PRI#VOM,I - PRI#VOM,"Price, Value for Money",,,
,,,▁per,I,PRI#VOM,I - PRI#VOM,"Price, Value for Money",,,
,,,a,I,PRI#VOM,I - PRI#VOM,"Price, Value for Money",,,
,,,▁ko,I,PRI#VOM,I - PRI#VOM,"Price, Value for Money",,,
50,0/10 di naman sya gumagawa e not satisfied buyer her.,"['▁0', '/10', '▁di', '▁naman', '▁sya', '▁guma', 'gawa', '▁e', '▁not', '▁satisfied', '▁buy', 'er', '▁her', '.']",▁0,B,SAT#RATE,B - SAT#RATE,,,,
,,,/10,I,SAT#RATE,I - SAT#RATE,,,,
,,,▁di,B,PRO#FUNC,B - PRO#FUNC,"Product, Functionality",,,
,,,▁naman,I,PRO#FUNC,I - PRO#FUNC,"Product, Functionality",,,
,,,▁sya,I,PRO#FUNC,I - PRO#FUNC,"Product, Functionality",,,
,,,▁guma,I,PRO#FUNC,I - PRO#FUNC,"Product, Functionality",,,
,,,gawa,I,PRO#FUNC,I - PRO#FUNC,"Product, Functionality",,,
,,,▁e,,, - ,,,,
,,,▁not,B,SAT#GEN,B - SAT#GEN,,,,
,,,▁satisfied,I,SAT#GEN,I - SAT#GEN,,,,
,,,▁buy,,, - ,,,,
,,,er,,, - ,,,,
,,,▁her,O,,O - ,,,,
,,,.,O,,O - ,,,,